id,creation_time,property1,property2,property3,property4,property5,failed,time_of_death,details,type,origin_id,network_id,contents
1,33:53.3,,,,,,f,,{},info,1,1,"{""question"": ""What is the capital city of France?"", ""number"": ""practice 1"", ""round"": 0, ""topic"": ""Practice"", ""Wwer"": ""Barcelona"", ""Rwer"": ""Paris"", ""pic"": false}"
2,34:01.7,"{""number"":""practice 1"",""copying"":false,""score"":1,""info_chosen"":""NA"",""round"":0,""human"":true,""topic"":""Practice""}",,,,,f,,{},lotty_info,8,1,Paris
3,34:04.7,"{""number"":""practice 1"",""copying"":false,""score"":1,""info_chosen"":""NA"",""round"":0,""human"":true,""topic"":""Practice""}",,,,,f,,{},lotty_info,9,1,Paris
4,34:05.3,"{""number"":""practice 1"",""copying"":false,""score"":1,""info_chosen"":""NA"",""round"":0,""human"":true,""topic"":""Practice""}",,,,,f,,{},lotty_info,7,1,Paris
5,34:05.6,,,,,,f,,{},info,1,1,"{""question"": ""How much does an average chimpanzee weigh?"", ""number"": ""practice 2"", ""round"": 0, ""topic"": ""Practice"", ""Wwer"": ""500kg"", ""Rwer"": ""50kg"", ""pic"": false}"
6,34:11.6,"{""number"":""practice 2"",""copying"":false,""score"":1,""info_chosen"":""NA"",""round"":0,""human"":true,""topic"":""Practice""}",,,,,f,,{},lotty_info,8,1,50kg
7,34:14.7,"{""number"":""practice 2"",""copying"":false,""score"":0,""info_chosen"":""NA"",""round"":0,""human"":true,""topic"":""Practice""}",,,,,t,34:26.2,{},lotty_info,7,1,Ask Someone Else
8,34:26.1,"{""number"":""practice 2"",""copying"":false,""score"":0,""info_chosen"":""NA"",""round"":0,""human"":false,""topic"":""Practice""}",,,,,f,,{},lotty_info,9,1,500kg
9,34:26.2,,,,,,f,,{},info,1,1,Good Luck
10,34:33.3,"{""number"":""practice 2"",""copying"":true,""score"":0,""info_chosen"":""Topic Score"",""round"":0,""human"":true,""topic"":""Practice""}",,,,,t,34:33.3,{},lotty_info,7,1,9
11,34:33.4,"{""number"": ""practice 2"", ""copying"": true, ""score"": 0, ""info_chosen"": ""Topic Score"", ""round"": 0, ""human"": false, ""topic"": ""Practice""}",,,,,f,,{},lotty_info,7,1,500kg
12,34:33.5,,,,,,f,,{},info,1,1,"{""question"": ""\""Pepino\"" means \""cucumber\"" in which language?"", ""number"": ""practice 3"", ""round"": 0, ""topic"": ""Practice"", ""Wwer"": ""Italian"", ""Rwer"": ""Spanish"", ""pic"": false}"
13,34:38.1,"{""number"":""practice 3"",""copying"":false,""score"":1,""info_chosen"":""NA"",""round"":0,""human"":true,""topic"":""Practice""}",,,,,f,,{},lotty_info,9,1,Spanish
14,34:41.0,"{""number"":""practice 3"",""copying"":false,""score"":0,""info_chosen"":""NA"",""round"":0,""human"":true,""topic"":""Practice""}",,,,,f,,{},lotty_info,8,1,Italian
15,34:43.6,"{""number"":""practice 3"",""copying"":false,""score"":0,""info_chosen"":""NA"",""round"":0,""human"":true,""topic"":""Practice""}",,,,,f,,{},lotty_info,7,1,Italian
16,34:43.7,,,,,,f,,{},info,1,1,"{""question"": ""Vincent van Gogh died in which year?"", ""number"": ""practice 4"", ""round"": 0, ""topic"": ""Practice"", ""Wwer"": ""1880"", ""Rwer"": ""1890"", ""pic"": false}"
17,34:48.3,"{""number"":""practice 4"",""copying"":false,""score"":0,""info_chosen"":""NA"",""round"":0,""human"":true,""topic"":""Practice""}",,,,,f,,{},lotty_info,9,1,1880
18,34:51.5,"{""number"":""practice 4"",""copying"":false,""score"":0,""info_chosen"":""NA"",""round"":0,""human"":true,""topic"":""Practice""}",,,,,t,34:54.9,{},lotty_info,8,1,Ask Someone Else
19,34:54.8,"{""number"":""practice 4"",""copying"":false,""score"":0,""info_chosen"":""NA"",""round"":0,""human"":true,""topic"":""Practice""}",,,,,f,,{},lotty_info,7,1,1880
20,34:54.9,,,,,,f,,{},info,1,1,Good Luck
21,35:03.7,"{""number"":""practice 4"",""copying"":true,""score"":0,""info_chosen"":""Topic Score"",""round"":0,""human"":true,""topic"":""Practice""}",,,,,t,35:03.8,{},lotty_info,8,1,9
22,35:03.8,"{""number"": ""practice 4"", ""copying"": true, ""score"": 0, ""info_chosen"": ""Topic Score"", ""round"": 0, ""human"": true, ""topic"": ""Practice""}",,,,,f,,{},lotty_info,8,1,1880
23,35:03.9,,,,,,f,,{},info,1,1,"{""question"": ""In which country is the red dot located?"", ""number"": 1, ""round"": 1, ""topic"": ""Geography"", ""Wwer"": ""Guatemala"", ""Rwer"": ""Belize"", ""pic"": true}"
24,35:21.4,"{""number"":1,""copying"":false,""score"":1,""info_chosen"":""NA"",""round"":1,""human"":true,""topic"":""Geography""}",,,,,f,,{},lotty_info,7,1,Belize
25,35:25.2,"{""number"":1,""copying"":false,""score"":1,""info_chosen"":""NA"",""round"":1,""human"":true,""topic"":""Geography""}",,,,,f,,{},lotty_info,9,1,Belize
26,35:31.4,"{""number"":1,""copying"":false,""score"":1,""info_chosen"":""NA"",""round"":1,""human"":true,""topic"":""Geography""}",,,,,f,,{},lotty_info,8,1,Belize
27,35:31.5,,,,,,f,,{},info,1,1,"{""question"": ""In which country is the red dot located?"", ""number"": 2, ""round"": 1, ""topic"": ""Geography"", ""Wwer"": ""Nigeria"", ""Rwer"": ""The Ivory Coast"", ""pic"": true}"
28,35:36.9,"{""number"":2,""copying"":false,""score"":0,""info_chosen"":""NA"",""round"":1,""human"":true,""topic"":""Geography""}",,,,,t,35:40.5,{},lotty_info,8,1,Ask Someone Else
29,35:37.6,"{""number"":2,""copying"":false,""score"":0,""info_chosen"":""NA"",""round"":1,""human"":true,""topic"":""Geography""}",,,,,f,,{},lotty_info,9,1,Nigeria
30,35:40.4,"{""number"":2,""copying"":false,""score"":1,""info_chosen"":""NA"",""round"":1,""human"":true,""topic"":""Geography""}",,,,,f,,{},lotty_info,7,1,The Ivory Coast
31,35:40.5,,,,,,f,,{},info,1,1,Good Luck
32,35:44.2,"{""number"":2,""copying"":true,""score"":0,""info_chosen"":""Topic Score"",""round"":1,""human"":true,""topic"":""Geography""}",,,,,t,35:44.3,{},lotty_info,8,1,7
33,35:44.3,"{""number"": 2, ""copying"": true, ""score"": 1, ""info_chosen"": ""Topic Score"", ""round"": 1, ""human"": true, ""topic"": ""Geography""}",,,,,f,,{},lotty_info,8,1,The Ivory Coast
34,35:44.4,,,,,,f,,{},info,1,1,"{""question"": ""The capital of Hawaii is"", ""number"": 3, ""round"": 1, ""topic"": ""Geography"", ""Wwer"": ""Waikiki"", ""Rwer"": ""Honolulu"", ""pic"": false}"
35,35:47.8,"{""number"":3,""copying"":false,""score"":1,""info_chosen"":""NA"",""round"":1,""human"":true,""topic"":""Geography""}",,,,,f,,{},lotty_info,7,1,Honolulu
36,35:49.4,"{""number"":3,""copying"":false,""score"":1,""info_chosen"":""NA"",""round"":1,""human"":true,""topic"":""Geography""}",,,,,f,,{},lotty_info,9,1,Honolulu
37,35:51.5,"{""number"":3,""copying"":false,""score"":0,""info_chosen"":""NA"",""round"":1,""human"":true,""topic"":""Geography""}",,,,,t,35:51.6,{},lotty_info,8,1,Ask Someone Else
38,35:51.6,,,,,,f,,{},info,1,1,Good Luck
39,35:54.6,"{""number"":3,""copying"":true,""score"":0,""info_chosen"":""Topic Score"",""round"":1,""human"":true,""topic"":""Geography""}",,,,,t,35:54.7,{},lotty_info,8,1,7
40,35:54.7,"{""number"": 3, ""copying"": true, ""score"": 1, ""info_chosen"": ""Topic Score"", ""round"": 1, ""human"": true, ""topic"": ""Geography""}",,,,,f,,{},lotty_info,8,1,Honolulu
41,35:54.8,,,,,,f,,{},info,1,1,"{""question"": ""Saint Helena is an island in"", ""number"": 4, ""round"": 1, ""topic"": ""Geography"", ""Wwer"": ""The Indian Ocean"", ""Rwer"": ""The South Atlantic Ocean"", ""pic"": false}"
42,36:00.3,"{""number"":4,""copying"":false,""score"":0,""info_chosen"":""NA"",""round"":1,""human"":true,""topic"":""Geography""}",,,,,t,36:01.9,{},lotty_info,8,1,Ask Someone Else
43,36:01.1,"{""number"":4,""copying"":false,""score"":1,""info_chosen"":""NA"",""round"":1,""human"":true,""topic"":""Geography""}",,,,,f,,{},lotty_info,9,1,The South Atlantic Ocean
44,36:01.8,"{""number"":4,""copying"":false,""score"":1,""info_chosen"":""NA"",""round"":1,""human"":true,""topic"":""Geography""}",,,,,f,,{},lotty_info,7,1,The South Atlantic Ocean
45,36:01.9,,,,,,f,,{},info,1,1,Good Luck
46,36:05.1,"{""number"":4,""copying"":true,""score"":0,""info_chosen"":""Topic Score"",""round"":1,""human"":true,""topic"":""Geography""}",,,,,t,36:05.1,{},lotty_info,8,1,7
47,36:05.2,"{""number"": 4, ""copying"": true, ""score"": 1, ""info_chosen"": ""Topic Score"", ""round"": 1, ""human"": true, ""topic"": ""Geography""}",,,,,f,,{},lotty_info,8,1,The South Atlantic Ocean
48,36:05.3,,,,,,f,,{},info,1,1,"{""question"": ""Which country shares a border with El Salvador?"", ""number"": 5, ""round"": 1, ""topic"": ""Geography"", ""Wwer"": ""Paraguay"", ""Rwer"": ""Honduras"", ""pic"": false}"
49,36:09.0,"{""number"":5,""copying"":false,""score"":1,""info_chosen"":""NA"",""round"":1,""human"":true,""topic"":""Geography""}",,,,,f,,{},lotty_info,9,1,Honduras
50,36:10.8,"{""number"":5,""copying"":false,""score"":1,""info_chosen"":""NA"",""round"":1,""human"":true,""topic"":""Geography""}",,,,,f,,{},lotty_info,7,1,Honduras
51,36:11.4,"{""number"":5,""copying"":false,""score"":0,""info_chosen"":""NA"",""round"":1,""human"":true,""topic"":""Geography""}",,,,,t,36:11.5,{},lotty_info,8,1,Ask Someone Else
52,36:11.5,,,,,,f,,{},info,1,1,Good Luck
53,36:14.3,"{""number"":5,""copying"":true,""score"":0,""info_chosen"":""Topic Score"",""round"":1,""human"":true,""topic"":""Geography""}",,,,,t,36:14.3,{},lotty_info,8,1,7
54,36:14.4,"{""number"": 5, ""copying"": true, ""score"": 1, ""info_chosen"": ""Topic Score"", ""round"": 1, ""human"": true, ""topic"": ""Geography""}",,,,,f,,{},lotty_info,8,1,Honduras
55,36:14.5,,,,,,f,,{},info,1,1,"{""question"": ""The capital of the Philippines is?"", ""number"": 6, ""round"": 1, ""topic"": ""Geography"", ""Wwer"": ""Davao"", ""Rwer"": ""Manila"", ""pic"": false}"
56,36:18.7,"{""number"":6,""copying"":false,""score"":0,""info_chosen"":""NA"",""round"":1,""human"":true,""topic"":""Geography""}",,,,,t,36:19.5,{},lotty_info,8,1,Ask Someone Else
57,36:18.9,"{""number"":6,""copying"":false,""score"":0,""info_chosen"":""NA"",""round"":1,""human"":true,""topic"":""Geography""}",,,,,f,,{},lotty_info,9,1,Davao
58,36:19.4,"{""number"":6,""copying"":false,""score"":1,""info_chosen"":""NA"",""round"":1,""human"":true,""topic"":""Geography""}",,,,,f,,{},lotty_info,7,1,Manila
59,36:19.5,,,,,,f,,{},info,1,1,Good Luck
60,36:23.3,"{""number"":6,""copying"":true,""score"":0,""info_chosen"":""Topic Score"",""round"":1,""human"":true,""topic"":""Geography""}",,,,,t,36:23.3,{},lotty_info,8,1,7
61,36:23.3,"{""number"": 6, ""copying"": true, ""score"": 1, ""info_chosen"": ""Topic Score"", ""round"": 1, ""human"": true, ""topic"": ""Geography""}",,,,,f,,{},lotty_info,8,1,Manila
62,36:23.4,,,,,,f,,{},info,1,1,"{""question"": ""Which is closest to Finland?"", ""number"": 7, ""round"": 1, ""topic"": ""Geography"", ""Wwer"": ""Moscow"", ""Rwer"": ""St Petersburg"", ""pic"": false}"
63,36:28.3,"{""number"":7,""copying"":false,""score"":1,""info_chosen"":""NA"",""round"":1,""human"":true,""topic"":""Geography""}",,,,,f,,{},lotty_info,9,1,St Petersburg
64,36:29.1,"{""number"":7,""copying"":false,""score"":1,""info_chosen"":""NA"",""round"":1,""human"":true,""topic"":""Geography""}",,,,,f,,{},lotty_info,7,1,St Petersburg
65,36:32.1,"{""number"":7,""copying"":false,""score"":0,""info_chosen"":""NA"",""round"":1,""human"":true,""topic"":""Geography""}",,,,,f,,{},lotty_info,8,1,Moscow
66,36:32.2,,,,,,f,,{},info,1,1,"{""question"": ""Which is the largest of The Canary Islands?"", ""number"": 8, ""round"": 1, ""topic"": ""Geography"", ""Wwer"": ""Gran Canaria"", ""Rwer"": ""Tenerife"", ""pic"": false}"
67,36:35.7,"{""number"":8,""copying"":false,""score"":0,""info_chosen"":""NA"",""round"":1,""human"":true,""topic"":""Geography""}",,,,,f,,{},lotty_info,9,1,Gran Canaria
68,36:38.4,"{""number"":8,""copying"":false,""score"":0,""info_chosen"":""NA"",""round"":1,""human"":true,""topic"":""Geography""}",,,,,t,36:39.3,{},lotty_info,8,1,Ask Someone Else
69,36:39.2,"{""number"":8,""copying"":false,""score"":1,""info_chosen"":""NA"",""round"":1,""human"":true,""topic"":""Geography""}",,,,,f,,{},lotty_info,7,1,Tenerife
70,36:39.3,,,,,,f,,{},info,1,1,Good Luck
71,36:40.9,"{""number"":8,""copying"":true,""score"":0,""info_chosen"":""Topic Score"",""round"":1,""human"":true,""topic"":""Geography""}",,,,,t,36:40.9,{},lotty_info,8,1,7
72,36:41.0,"{""number"": 8, ""copying"": true, ""score"": 1, ""info_chosen"": ""Topic Score"", ""round"": 1, ""human"": true, ""topic"": ""Geography""}",,,,,f,,{},lotty_info,8,1,Tenerife
73,36:41.1,,,,,,f,,{},info,1,1,"{""question"": ""Oklahoma state shares a border with?"", ""number"": 9, ""round"": 1, ""topic"": ""Geography"", ""Wwer"": ""Arizona"", ""Rwer"": ""New Mexico"", ""pic"": false}"
74,36:50.1,"{""number"":9,""copying"":false,""score"":1,""info_chosen"":""NA"",""round"":1,""human"":true,""topic"":""Geography""}",,,,,f,,{},lotty_info,7,1,New Mexico
75,36:51.5,"{""number"":9,""copying"":false,""score"":1,""info_chosen"":""NA"",""round"":1,""human"":true,""topic"":""Geography""}",,,,,f,,{},lotty_info,9,1,New Mexico
76,36:52.7,"{""number"":9,""copying"":false,""score"":0,""info_chosen"":""NA"",""round"":1,""human"":true,""topic"":""Geography""}",,,,,f,,{},lotty_info,8,1,Arizona
77,36:52.8,,,,,,f,,{},info,1,1,"{""question"": ""Amsterdam is nearer to?"", ""number"": 10, ""round"": 1, ""topic"": ""Geography"", ""Wwer"": ""Antwerp"", ""Rwer"": ""Rotterdam"", ""pic"": false}"
78,36:57.2,"{""number"":10,""copying"":false,""score"":0,""info_chosen"":""NA"",""round"":1,""human"":true,""topic"":""Geography""}",,,,,f,,{},lotty_info,9,1,Antwerp
79,36:58.6,"{""number"":10,""copying"":false,""score"":1,""info_chosen"":""NA"",""round"":1,""human"":true,""topic"":""Geography""}",,,,,f,,{},lotty_info,8,1,Rotterdam
80,37:01.6,"{""number"":10,""copying"":false,""score"":0,""info_chosen"":""NA"",""round"":1,""human"":true,""topic"":""Geography""}",,,,,t,37:01.7,{},lotty_info,7,1,Ask Someone Else
81,37:01.7,,,,,,f,,{},info,1,1,Good Luck
82,37:05.9,"{""number"":10,""copying"":true,""score"":0,""info_chosen"":""Topic Score"",""round"":1,""human"":true,""topic"":""Geography""}",,,,,t,37:06.0,{},lotty_info,7,1,9
83,37:06.0,"{""number"": 10, ""copying"": true, ""score"": 0, ""info_chosen"": ""Topic Score"", ""round"": 1, ""human"": true, ""topic"": ""Geography""}",,,,,f,,{},lotty_info,7,1,Antwerp
84,37:06.1,,,,,,f,,{},info,1,1,"{""question"": ""In which city is the red dot located?"", ""number"": 11, ""round"": 1, ""topic"": ""Geography"", ""Wwer"": ""Seattle"", ""Rwer"": ""Philadelphia"", ""pic"": true}"
85,37:14.0,"{""number"":11,""copying"":false,""score"":1,""info_chosen"":""NA"",""round"":1,""human"":true,""topic"":""Geography""}",,,,,f,,{},lotty_info,9,1,Philadelphia
86,37:17.7,"{""number"":11,""copying"":false,""score"":1,""info_chosen"":""NA"",""round"":1,""human"":true,""topic"":""Geography""}",,,,,f,,{},lotty_info,7,1,Philadelphia
87,37:18.8,"{""number"":11,""copying"":false,""score"":0,""info_chosen"":""NA"",""round"":1,""human"":true,""topic"":""Geography""}",,,,,f,,{},lotty_info,8,1,Seattle
88,37:18.9,,,,,,f,,{},info,1,1,"{""question"": ""In which country is the red dot located?"", ""number"": 12, ""round"": 1, ""topic"": ""Geography"", ""Wwer"": ""Greece"", ""Rwer"": ""Bulgaria"", ""pic"": true}"
89,37:25.1,"{""number"":12,""copying"":false,""score"":1,""info_chosen"":""NA"",""round"":1,""human"":true,""topic"":""Geography""}",,,,,f,,{},lotty_info,9,1,Bulgaria
90,37:26.8,"{""number"":12,""copying"":false,""score"":1,""info_chosen"":""NA"",""round"":1,""human"":true,""topic"":""Geography""}",,,,,f,,{},lotty_info,7,1,Bulgaria
91,37:28.2,"{""number"":12,""copying"":false,""score"":1,""info_chosen"":""NA"",""round"":1,""human"":true,""topic"":""Geography""}",,,,,f,,{},lotty_info,8,1,Bulgaria
92,37:28.3,,,,,,f,,{},info,1,1,"{""question"": ""In which country is the red dot located?"", ""number"": 13, ""round"": 1, ""topic"": ""Geography"", ""Wwer"": ""Laos"", ""Rwer"": ""Vietnam"", ""pic"": true}"
93,37:32.7,"{""number"":13,""copying"":false,""score"":1,""info_chosen"":""NA"",""round"":1,""human"":true,""topic"":""Geography""}",,,,,f,,{},lotty_info,7,1,Vietnam
94,37:33.7,"{""number"":13,""copying"":false,""score"":1,""info_chosen"":""NA"",""round"":1,""human"":true,""topic"":""Geography""}",,,,,f,,{},lotty_info,9,1,Vietnam
95,37:36.5,"{""number"":13,""copying"":false,""score"":0,""info_chosen"":""NA"",""round"":1,""human"":true,""topic"":""Geography""}",,,,,t,37:36.6,{},lotty_info,8,1,Ask Someone Else
96,37:36.6,,,,,,f,,{},info,1,1,Good Luck
97,37:38.9,"{""number"":13,""copying"":true,""score"":0,""info_chosen"":""Topic Score"",""round"":1,""human"":true,""topic"":""Geography""}",,,,,t,37:39.0,{},lotty_info,8,1,7
98,37:39.0,"{""number"": 13, ""copying"": true, ""score"": 1, ""info_chosen"": ""Topic Score"", ""round"": 1, ""human"": true, ""topic"": ""Geography""}",,,,,f,,{},lotty_info,8,1,Vietnam
99,37:39.1,,,,,,f,,{},info,1,1,"{""question"": ""Which city is closer to Rome?"", ""number"": 14, ""round"": 1, ""topic"": ""Geography"", ""Wwer"": ""Florence"", ""Rwer"": ""Naples"", ""pic"": false}"
100,37:44.9,"{""number"":14,""copying"":false,""score"":0,""info_chosen"":""NA"",""round"":1,""human"":true,""topic"":""Geography""}",,,,,t,37:46.5,{},lotty_info,7,1,Ask Someone Else
101,37:45.7,"{""number"":14,""copying"":false,""score"":0,""info_chosen"":""NA"",""round"":1,""human"":true,""topic"":""Geography""}",,,,,t,37:46.5,{},lotty_info,8,1,Ask Someone Else
102,37:46.3,"{""number"":14,""copying"":false,""score"":0,""info_chosen"":""NA"",""round"":1,""human"":true,""topic"":""Geography""}",,,,,f,,{},lotty_info,9,1,Florence
103,37:46.5,,,,,,f,,{},info,1,1,Good Luck
104,37:48.9,"{""number"":14,""copying"":true,""score"":0,""info_chosen"":""Topic Score"",""round"":1,""human"":true,""topic"":""Geography""}",,,,,t,37:48.9,{},lotty_info,8,1,9
105,37:48.9,"{""number"": 14, ""copying"": true, ""score"": 0, ""info_chosen"": ""Topic Score"", ""round"": 1, ""human"": true, ""topic"": ""Geography""}",,,,,f,,{},lotty_info,8,1,Florence
106,37:49.9,"{""number"":14,""copying"":true,""score"":0,""info_chosen"":""Topic Score"",""round"":1,""human"":true,""topic"":""Geography""}",,,,,t,37:50.0,{},lotty_info,7,1,9
107,37:50.0,"{""number"": 14, ""copying"": true, ""score"": 0, ""info_chosen"": ""Topic Score"", ""round"": 1, ""human"": true, ""topic"": ""Geography""}",,,,,f,,{},lotty_info,7,1,Florence
108,37:50.1,,,,,,f,,{},info,1,1,"{""question"": ""Kazakhstan shares a border with?"", ""number"": 15, ""round"": 1, ""topic"": ""Geography"", ""Wwer"": ""Tajikistan"", ""Rwer"": ""Kyrgyzstan"", ""pic"": false}"
109,37:54.7,"{""number"":15,""copying"":false,""score"":0,""info_chosen"":""NA"",""round"":1,""human"":true,""topic"":""Geography""}",,,,,t,37:59.8,{},lotty_info,8,1,Ask Someone Else
110,37:54.9,"{""number"":15,""copying"":false,""score"":0,""info_chosen"":""NA"",""round"":1,""human"":true,""topic"":""Geography""}",,,,,f,,{},lotty_info,9,1,Tajikistan
111,37:59.7,"{""number"":15,""copying"":false,""score"":1,""info_chosen"":""NA"",""round"":1,""human"":true,""topic"":""Geography""}",,,,,f,,{},lotty_info,7,1,Kyrgyzstan
112,37:59.8,,,,,,f,,{},info,1,1,Good Luck
113,38:01.5,"{""number"":15,""copying"":true,""score"":0,""info_chosen"":""Topic Score"",""round"":1,""human"":true,""topic"":""Geography""}",,,,,t,38:01.6,{},lotty_info,8,1,7
114,38:01.6,"{""number"": 15, ""copying"": true, ""score"": 1, ""info_chosen"": ""Topic Score"", ""round"": 1, ""human"": true, ""topic"": ""Geography""}",,,,,f,,{},lotty_info,8,1,Kyrgyzstan
115,38:01.7,,,,,,f,,{},info,1,1,"{""question"": ""A pot of nail varnish weighs?"", ""number"": 16, ""round"": 1, ""topic"": ""Weight"", ""Wwer"": ""162g"", ""Rwer"": ""62g"", ""pic"": true}"
116,38:13.6,"{""number"":16,""copying"":false,""score"":0,""info_chosen"":""NA"",""round"":1,""human"":true,""topic"":""Weight""}",,,,,f,,{},lotty_info,9,1,162g
117,38:14.1,"{""number"":16,""copying"":false,""score"":0,""info_chosen"":""NA"",""round"":1,""human"":true,""topic"":""Weight""}",,,,,f,,{},lotty_info,7,1,162g
118,38:17.0,"{""number"":16,""copying"":false,""score"":1,""info_chosen"":""NA"",""round"":1,""human"":true,""topic"":""Weight""}",,,,,f,,{},lotty_info,8,1,62g
119,38:17.1,,,,,,f,,{},info,1,1,"{""question"": ""A Rubiks cube weighs?"", ""number"": 17, ""round"": 1, ""topic"": ""Weight"", ""Wwer"": ""1.4kg"", ""Rwer"": ""0.14kg"", ""pic"": true}"
120,38:23.4,"{""number"":17,""copying"":false,""score"":1,""info_chosen"":""NA"",""round"":1,""human"":true,""topic"":""Weight""}",,,,,f,,{},lotty_info,8,1,0.14kg
121,38:24.7,"{""number"":17,""copying"":false,""score"":0,""info_chosen"":""NA"",""round"":1,""human"":true,""topic"":""Weight""}",,,,,t,38:33.0,{},lotty_info,7,1,Ask Someone Else
122,38:32.9,"{""number"":17,""copying"":false,""score"":0,""info_chosen"":""NA"",""round"":1,""human"":true,""topic"":""Weight""}",,,,,f,,{},lotty_info,9,1,1.4kg
123,38:33.0,,,,,,f,,{},info,1,1,Good Luck
124,38:37.4,"{""number"":17,""copying"":true,""score"":0,""info_chosen"":""Topic Score"",""round"":1,""human"":true,""topic"":""Weight""}",,,,,t,38:37.4,{},lotty_info,7,1,8
125,38:37.5,"{""number"": 17, ""copying"": true, ""score"": 1, ""info_chosen"": ""Topic Score"", ""round"": 1, ""human"": true, ""topic"": ""Weight""}",,,,,f,,{},lotty_info,7,1,0.14kg
126,38:37.6,,,,,,f,,{},info,1,1,"{""question"": ""A blue whale weighs?"", ""number"": 18, ""round"": 1, ""topic"": ""Weight"", ""Wwer"": ""1,400kg"", ""Rwer"": ""140,000kg"", ""pic"": false}"
127,38:43.1,"{""number"":18,""copying"":false,""score"":1,""info_chosen"":""NA"",""round"":1,""human"":true,""topic"":""Weight""}",,,,,f,,{},lotty_info,9,1,"140,000kg"
128,38:46.0,"{""number"":18,""copying"":false,""score"":1,""info_chosen"":""NA"",""round"":1,""human"":true,""topic"":""Weight""}",,,,,f,,{},lotty_info,7,1,"140,000kg"
129,38:47.1,"{""number"":18,""copying"":false,""score"":1,""info_chosen"":""NA"",""round"":1,""human"":true,""topic"":""Weight""}",,,,,f,,{},lotty_info,8,1,"140,000kg"
130,38:47.2,,,,,,f,,{},info,1,1,"{""question"": ""A tennis ball weighs?"", ""number"": 19, ""round"": 1, ""topic"": ""Weight"", ""Wwer"": ""5.85g"", ""Rwer"": ""58.5g"", ""pic"": false}"
131,38:52.9,"{""number"":19,""copying"":false,""score"":1,""info_chosen"":""NA"",""round"":1,""human"":true,""topic"":""Weight""}",,,,,f,,{},lotty_info,8,1,58.5g
132,38:53.0,"{""number"":19,""copying"":false,""score"":1,""info_chosen"":""NA"",""round"":1,""human"":true,""topic"":""Weight""}",,,,,f,,{},lotty_info,7,1,58.5g
133,38:55.2,"{""number"":19,""copying"":false,""score"":0,""info_chosen"":""NA"",""round"":1,""human"":true,""topic"":""Weight""}",,,,,f,,{},lotty_info,9,1,5.85g
134,38:55.4,,,,,,f,,{},info,1,1,"{""question"": ""Which weighs more, on average?"", ""number"": 20, ""round"": 1, ""topic"": ""Weight"", ""Wwer"": ""A wood pigeon"", ""Rwer"": ""A seagull"", ""pic"": false}"
135,39:02.1,"{""number"":20,""copying"":false,""score"":0,""info_chosen"":""NA"",""round"":1,""human"":true,""topic"":""Weight""}",,,,,f,,{},lotty_info,9,1,A wood pigeon
136,39:03.8,"{""number"":20,""copying"":false,""score"":1,""info_chosen"":""NA"",""round"":1,""human"":true,""topic"":""Weight""}",,,,,f,,{},lotty_info,8,1,A seagull
137,39:06.0,"{""number"":20,""copying"":false,""score"":1,""info_chosen"":""NA"",""round"":1,""human"":true,""topic"":""Weight""}",,,,,f,,{},lotty_info,7,1,A seagull
138,39:06.2,,,,,,f,,{},info,1,1,"{""question"": ""A Boeing 747 (on take-off) weighs?"", ""number"": 21, ""round"": 1, ""topic"": ""Weight"", ""Wwer"": ""40,000kg"", ""Rwer"": ""400,000kg"", ""pic"": false}"
139,39:13.0,"{""number"":21,""copying"":false,""score"":0,""info_chosen"":""NA"",""round"":1,""human"":true,""topic"":""Weight""}",,,,,f,,{},lotty_info,9,1,"40,000kg"
140,39:14.6,"{""number"":21,""copying"":false,""score"":0,""info_chosen"":""NA"",""round"":1,""human"":true,""topic"":""Weight""}",,,,,f,,{},lotty_info,7,1,"40,000kg"
141,39:20.3,"{""number"":21,""copying"":false,""score"":0,""info_chosen"":""NA"",""round"":1,""human"":true,""topic"":""Weight""}",,,,,f,,{},lotty_info,8,1,"40,000kg"
142,39:20.4,,,,,,f,,{},info,1,1,"{""question"": ""A skateboard weighs?"", ""number"": 22, ""round"": 1, ""topic"": ""Weight"", ""Wwer"": ""34kg"", ""Rwer"": ""3.4kg"", ""pic"": false}"
143,39:26.5,"{""number"":22,""copying"":false,""score"":1,""info_chosen"":""NA"",""round"":1,""human"":true,""topic"":""Weight""}",,,,,f,,{},lotty_info,9,1,3.4kg
144,39:27.2,"{""number"":22,""copying"":false,""score"":1,""info_chosen"":""NA"",""round"":1,""human"":true,""topic"":""Weight""}",,,,,f,,{},lotty_info,8,1,3.4kg
145,39:31.5,"{""number"":22,""copying"":false,""score"":0,""info_chosen"":""NA"",""round"":1,""human"":true,""topic"":""Weight""}",,,,,f,,{},lotty_info,7,1,34kg
146,39:31.6,,,,,,f,,{},info,1,1,"{""question"": ""A newborn baby weighs?"", ""number"": 23, ""round"": 1, ""topic"": ""Weight"", ""Wwer"": ""34kg"", ""Rwer"": ""3.5kg"", ""pic"": false}"
147,39:36.1,"{""number"":23,""copying"":false,""score"":1,""info_chosen"":""NA"",""round"":1,""human"":true,""topic"":""Weight""}",,,,,f,,{},lotty_info,9,1,3.5kg
148,39:37.4,"{""number"":23,""copying"":false,""score"":1,""info_chosen"":""NA"",""round"":1,""human"":true,""topic"":""Weight""}",,,,,f,,{},lotty_info,8,1,3.5kg
149,39:42.2,"{""number"":23,""copying"":false,""score"":0,""info_chosen"":""NA"",""round"":1,""human"":true,""topic"":""Weight""}",,,,,t,39:42.3,{},lotty_info,7,1,Ask Someone Else
150,39:42.3,,,,,,f,,{},info,1,1,Good Luck
151,39:46.6,"{""number"":23,""copying"":true,""score"":0,""info_chosen"":""Topic Score"",""round"":1,""human"":true,""topic"":""Weight""}",,,,,t,39:46.7,{},lotty_info,7,1,8
152,39:46.7,"{""number"": 23, ""copying"": true, ""score"": 1, ""info_chosen"": ""Topic Score"", ""round"": 1, ""human"": true, ""topic"": ""Weight""}",,,,,f,,{},lotty_info,7,1,3.5kg
153,39:46.8,,,,,,f,,{},info,1,1,"{""question"": ""A female giraffe weighs?"", ""number"": 24, ""round"": 1, ""topic"": ""Weight"", ""Wwer"": ""83kg"", ""Rwer"": ""830kg"", ""pic"": false}"
154,39:52.1,"{""number"":24,""copying"":false,""score"":0,""info_chosen"":""NA"",""round"":1,""human"":true,""topic"":""Weight""}",,,,,f,,{},lotty_info,7,1,83kg
155,39:52.3,"{""number"":24,""copying"":false,""score"":0,""info_chosen"":""NA"",""round"":1,""human"":true,""topic"":""Weight""}",,,,,f,,{},lotty_info,9,1,83kg
156,40:02.0,"{""number"":24,""copying"":false,""score"":0,""info_chosen"":""NA"",""round"":1,""human"":true,""topic"":""Weight""}",,,,,f,,{},lotty_info,8,1,83kg
157,40:02.1,,,,,,f,,{},info,1,1,"{""question"": ""Which weighs more?"", ""number"": 25, ""round"": 1, ""topic"": ""Weight"", ""Wwer"": ""The London Eye"", ""Rwer"": ""The Eiffel Tower"", ""pic"": false}"
158,40:07.1,"{""number"":25,""copying"":false,""score"":1,""info_chosen"":""NA"",""round"":1,""human"":true,""topic"":""Weight""}",,,,,f,,{},lotty_info,9,1,The Eiffel Tower
159,40:07.4,"{""number"":25,""copying"":false,""score"":1,""info_chosen"":""NA"",""round"":1,""human"":true,""topic"":""Weight""}",,,,,f,,{},lotty_info,7,1,The Eiffel Tower
160,40:10.5,"{""number"":25,""copying"":false,""score"":1,""info_chosen"":""NA"",""round"":1,""human"":true,""topic"":""Weight""}",,,,,f,,{},lotty_info,8,1,The Eiffel Tower
161,40:10.6,,,,,,f,,{},info,1,1,"{""question"": ""Which dog weighs more, on average?"", ""number"": 26, ""round"": 1, ""topic"": ""Weight"", ""Wwer"": ""Labrador"", ""Rwer"": ""Great dane"", ""pic"": false}"
162,40:14.5,"{""number"":26,""copying"":false,""score"":0,""info_chosen"":""NA"",""round"":1,""human"":true,""topic"":""Weight""}",,,,,f,,{},lotty_info,9,1,Labrador
163,40:16.6,"{""number"":26,""copying"":false,""score"":1,""info_chosen"":""NA"",""round"":1,""human"":true,""topic"":""Weight""}",,,,,f,,{},lotty_info,7,1,Great dane
164,40:23.2,"{""number"":26,""copying"":false,""score"":1,""info_chosen"":""NA"",""round"":1,""human"":true,""topic"":""Weight""}",,,,,f,,{},lotty_info,8,1,Great dane
165,40:23.3,,,,,,f,,{},info,1,1,"{""question"": ""What is the average weight of a \""pink salmon\""?"", ""number"": 27, ""round"": 1, ""topic"": ""Weight"", ""Wwer"": ""17kg"", ""Rwer"": ""1.7kg"", ""pic"": true}"
166,40:28.8,"{""number"":27,""copying"":false,""score"":0,""info_chosen"":""NA"",""round"":1,""human"":true,""topic"":""Weight""}",,,,,f,,{},lotty_info,9,1,17kg
167,40:31.6,"{""number"":27,""copying"":false,""score"":1,""info_chosen"":""NA"",""round"":1,""human"":true,""topic"":""Weight""}",,,,,f,,{},lotty_info,8,1,1.7kg
168,40:32.0,"{""number"":27,""copying"":false,""score"":0,""info_chosen"":""NA"",""round"":1,""human"":true,""topic"":""Weight""}",,,,,f,,{},lotty_info,7,1,17kg
169,40:32.1,,,,,,f,,{},info,1,1,"{""question"": ""A cricket bat weighs?"", ""number"": 28, ""round"": 1, ""topic"": ""Weight"", ""Wwer"": ""14kg"", ""Rwer"": ""1.4kg"", ""pic"": true}"
170,40:38.0,"{""number"":28,""copying"":false,""score"":0,""info_chosen"":""NA"",""round"":1,""human"":true,""topic"":""Weight""}",,,,,f,,{},lotty_info,9,1,14kg
171,40:38.5,"{""number"":28,""copying"":false,""score"":1,""info_chosen"":""NA"",""round"":1,""human"":true,""topic"":""Weight""}",,,,,f,,{},lotty_info,8,1,1.4kg
172,40:40.2,"{""number"":28,""copying"":false,""score"":1,""info_chosen"":""NA"",""round"":1,""human"":true,""topic"":""Weight""}",,,,,f,,{},lotty_info,7,1,1.4kg
173,40:40.3,,,,,,f,,{},info,1,1,"{""question"": ""The average weight of a camel is:"", ""number"": 29, ""round"": 1, ""topic"": ""Weight"", ""Wwer"": ""48kg"", ""Rwer"": ""480kg"", ""pic"": true}"
174,40:45.5,"{""number"":29,""copying"":false,""score"":1,""info_chosen"":""NA"",""round"":1,""human"":true,""topic"":""Weight""}",,,,,f,,{},lotty_info,9,1,480kg
175,40:48.0,"{""number"":29,""copying"":false,""score"":0,""info_chosen"":""NA"",""round"":1,""human"":true,""topic"":""Weight""}",,,,,f,,{},lotty_info,8,1,48kg
176,40:50.9,"{""number"":29,""copying"":false,""score"":1,""info_chosen"":""NA"",""round"":1,""human"":true,""topic"":""Weight""}",,,,,f,,{},lotty_info,7,1,480kg
177,40:51.0,,,,,,f,,{},info,1,1,"{""question"": ""What does a typical, office fire extinguisher weigh?"", ""number"": 30, ""round"": 1, ""topic"": ""Weight"", ""Wwer"": ""115kg"", ""Rwer"": ""1.15kg"", ""pic"": false}"
178,40:59.6,"{""number"":30,""copying"":false,""score"":1,""info_chosen"":""NA"",""round"":1,""human"":true,""topic"":""Weight""}",,,,,f,,{},lotty_info,7,1,1.15kg
179,41:00.7,"{""number"":30,""copying"":false,""score"":1,""info_chosen"":""NA"",""round"":1,""human"":true,""topic"":""Weight""}",,,,,f,,{},lotty_info,8,1,1.15kg
180,41:01.0,"{""number"":30,""copying"":false,""score"":1,""info_chosen"":""NA"",""round"":1,""human"":true,""topic"":""Weight""}",,,,,f,,{},lotty_info,9,1,1.15kg
181,41:01.1,,,,,,f,,{},info,1,1,"{""question"": ""\""Cal\"" means \""horse\"" in which language?"", ""number"": 31, ""round"": 1, ""topic"": ""Language"", ""Wwer"": ""Hungarian"", ""Rwer"": ""Romanian"", ""pic"": false}"
182,41:10.9,"{""number"":31,""copying"":false,""score"":1,""info_chosen"":""NA"",""round"":1,""human"":true,""topic"":""Language""}",,,,,f,,{},lotty_info,9,1,Romanian
183,41:11.7,"{""number"":31,""copying"":false,""score"":0,""info_chosen"":""NA"",""round"":1,""human"":true,""topic"":""Language""}",,,,,t,41:12.7,{},lotty_info,8,1,Ask Someone Else
184,41:12.6,"{""number"":31,""copying"":false,""score"":0,""info_chosen"":""NA"",""round"":1,""human"":true,""topic"":""Language""}",,,,,t,41:12.8,{},lotty_info,7,1,Ask Someone Else
185,41:12.7,,,,,,f,,{},info,1,1,Good Luck
186,41:14.0,"{""number"":31,""copying"":true,""score"":0,""info_chosen"":""Topic Score"",""round"":1,""human"":true,""topic"":""Language""}",,,,,t,41:14.1,{},lotty_info,8,1,9
187,41:14.1,"{""number"": 31, ""copying"": true, ""score"": 1, ""info_chosen"": ""Topic Score"", ""round"": 1, ""human"": true, ""topic"": ""Language""}",,,,,f,,{},lotty_info,8,1,Romanian
188,41:15.6,"{""number"":31,""copying"":true,""score"":0,""info_chosen"":""Topic Score"",""round"":1,""human"":true,""topic"":""Language""}",,,,,t,41:15.7,{},lotty_info,7,1,9
189,41:15.7,"{""number"": 31, ""copying"": true, ""score"": 1, ""info_chosen"": ""Topic Score"", ""round"": 1, ""human"": true, ""topic"": ""Language""}",,,,,f,,{},lotty_info,7,1,Romanian
190,41:15.8,,,,,,f,,{},info,1,1,"{""question"": ""\""Kieselstein\"" means \""pebbles\"" in which language?"", ""number"": 32, ""round"": 1, ""topic"": ""Language"", ""Wwer"": ""Russian"", ""Rwer"": ""German"", ""pic"": false}"
191,41:20.6,"{""number"":32,""copying"":false,""score"":1,""info_chosen"":""NA"",""round"":1,""human"":true,""topic"":""Language""}",,,,,f,,{},lotty_info,9,1,German
192,41:21.7,"{""number"":32,""copying"":false,""score"":1,""info_chosen"":""NA"",""round"":1,""human"":true,""topic"":""Language""}",,,,,f,,{},lotty_info,7,1,German
193,41:24.1,"{""number"":32,""copying"":false,""score"":1,""info_chosen"":""NA"",""round"":1,""human"":true,""topic"":""Language""}",,,,,f,,{},lotty_info,8,1,German
194,41:24.2,,,,,,f,,{},info,1,1,"{""question"": ""\""Gobierno\"" means \""government\"" in which language?"", ""number"": 33, ""round"": 1, ""topic"": ""Language"", ""Wwer"": ""Portugese"", ""Rwer"": ""Spanish"", ""pic"": false}"
195,41:29.9,"{""number"":33,""copying"":false,""score"":1,""info_chosen"":""NA"",""round"":1,""human"":true,""topic"":""Language""}",,,,,f,,{},lotty_info,9,1,Spanish
196,41:31.7,"{""number"":33,""copying"":false,""score"":1,""info_chosen"":""NA"",""round"":1,""human"":true,""topic"":""Language""}",,,,,f,,{},lotty_info,8,1,Spanish
197,41:33.4,"{""number"":33,""copying"":false,""score"":1,""info_chosen"":""NA"",""round"":1,""human"":true,""topic"":""Language""}",,,,,f,,{},lotty_info,7,1,Spanish
198,41:33.5,,,,,,f,,{},info,1,1,"{""question"": ""\""Verre\"" means \""glass\"" in which language?"", ""number"": 34, ""round"": 1, ""topic"": ""Language"", ""Wwer"": ""Italian"", ""Rwer"": ""French"", ""pic"": false}"
199,41:38.6,"{""number"":34,""copying"":false,""score"":0,""info_chosen"":""NA"",""round"":1,""human"":true,""topic"":""Language""}",,,,,f,,{},lotty_info,9,1,Italian
200,41:39.1,"{""number"":34,""copying"":false,""score"":0,""info_chosen"":""NA"",""round"":1,""human"":true,""topic"":""Language""}",,,,,f,,{},lotty_info,8,1,Italian
201,41:40.1,"{""number"":34,""copying"":false,""score"":1,""info_chosen"":""NA"",""round"":1,""human"":true,""topic"":""Language""}",,,,,f,,{},lotty_info,7,1,French
202,41:40.3,,,,,,f,,{},info,1,1,"{""question"": ""\""Bere\"" means \""drink\"" in which language?"", ""number"": 35, ""round"": 1, ""topic"": ""Language"", ""Wwer"": ""German"", ""Rwer"": ""Italian"", ""pic"": false}"
203,41:45.4,"{""number"":35,""copying"":false,""score"":0,""info_chosen"":""NA"",""round"":1,""human"":true,""topic"":""Language""}",,,,,f,,{},lotty_info,9,1,German
204,41:46.5,"{""number"":35,""copying"":false,""score"":1,""info_chosen"":""NA"",""round"":1,""human"":true,""topic"":""Language""}",,,,,f,,{},lotty_info,7,1,Italian
205,41:48.6,"{""number"":35,""copying"":false,""score"":1,""info_chosen"":""NA"",""round"":1,""human"":true,""topic"":""Language""}",,,,,f,,{},lotty_info,8,1,Italian
206,41:48.8,,,,,,f,,{},info,1,1,"{""question"": ""\""Kabaha\"" means \""shoes\"" in which language?"", ""number"": 36, ""round"": 1, ""topic"": ""Language"", ""Wwer"": ""Swahili"", ""Rwer"": ""Somali"", ""pic"": false}"
207,41:52.7,"{""number"":36,""copying"":false,""score"":0,""info_chosen"":""NA"",""round"":1,""human"":true,""topic"":""Language""}",,,,,f,,{},lotty_info,9,1,Swahili
208,41:55.4,"{""number"":36,""copying"":false,""score"":0,""info_chosen"":""NA"",""round"":1,""human"":true,""topic"":""Language""}",,,,,f,,{},lotty_info,8,1,Swahili
209,41:56.1,"{""number"":36,""copying"":false,""score"":0,""info_chosen"":""NA"",""round"":1,""human"":true,""topic"":""Language""}",,,,,f,,{},lotty_info,7,1,Swahili
210,41:56.2,,,,,,f,,{},info,1,1,"{""question"": ""\""Bocadillo\"" means \""snack\"" in which language?"", ""number"": 37, ""round"": 1, ""topic"": ""Language"", ""Wwer"": ""French"", ""Rwer"": ""Spanish"", ""pic"": false}"
211,41:59.5,"{""number"":37,""copying"":false,""score"":0,""info_chosen"":""NA"",""round"":1,""human"":true,""topic"":""Language""}",,,,,f,,{},lotty_info,9,1,French
212,42:01.5,"{""number"":37,""copying"":false,""score"":1,""info_chosen"":""NA"",""round"":1,""human"":true,""topic"":""Language""}",,,,,f,,{},lotty_info,8,1,Spanish
213,42:01.8,"{""number"":37,""copying"":false,""score"":1,""info_chosen"":""NA"",""round"":1,""human"":true,""topic"":""Language""}",,,,,f,,{},lotty_info,7,1,Spanish
214,42:02.0,,,,,,f,,{},info,1,1,"{""question"": ""\""Rzeka\"" means \""river\"" in which language?"", ""number"": 38, ""round"": 1, ""topic"": ""Language"", ""Wwer"": ""Latvian"", ""Rwer"": ""Polish"", ""pic"": false}"
215,42:04.5,"{""number"":38,""copying"":false,""score"":0,""info_chosen"":""NA"",""round"":1,""human"":true,""topic"":""Language""}",,,,,f,,{},lotty_info,9,1,Latvian
216,42:07.0,"{""number"":38,""copying"":false,""score"":1,""info_chosen"":""NA"",""round"":1,""human"":true,""topic"":""Language""}",,,,,f,,{},lotty_info,8,1,Polish
217,42:10.4,"{""number"":38,""copying"":false,""score"":0,""info_chosen"":""NA"",""round"":1,""human"":true,""topic"":""Language""}",,,,,f,,{},lotty_info,7,1,Latvian
218,42:10.5,,,,,,f,,{},info,1,1,"{""question"": ""The above means \""fire\"" in which language?"", ""number"": 39, ""round"": 1, ""topic"": ""Language"", ""Wwer"": ""Bulgarian"", ""Rwer"": ""Russian"", ""pic"": true}"
219,42:15.8,"{""number"":39,""copying"":false,""score"":1,""info_chosen"":""NA"",""round"":1,""human"":true,""topic"":""Language""}",,,,,f,,{},lotty_info,7,1,Russian
220,42:17.5,"{""number"":39,""copying"":false,""score"":1,""info_chosen"":""NA"",""round"":1,""human"":true,""topic"":""Language""}",,,,,f,,{},lotty_info,8,1,Russian
221,42:17.6,"{""number"":39,""copying"":false,""score"":0,""info_chosen"":""NA"",""round"":1,""human"":true,""topic"":""Language""}",,,,,f,,{},lotty_info,9,1,Bulgarian
222,42:17.8,,,,,,f,,{},info,1,1,"{""question"": ""The above means \""soul\"" in which language?"", ""number"": 40, ""round"": 1, ""topic"": ""Language"", ""Wwer"": ""Armenian"", ""Rwer"": ""Arabic"", ""pic"": true}"
223,42:21.9,"{""number"":40,""copying"":false,""score"":1,""info_chosen"":""NA"",""round"":1,""human"":true,""topic"":""Language""}",,,,,f,,{},lotty_info,7,1,Arabic
224,42:22.3,"{""number"":40,""copying"":false,""score"":1,""info_chosen"":""NA"",""round"":1,""human"":true,""topic"":""Language""}",,,,,f,,{},lotty_info,9,1,Arabic
225,42:23.1,"{""number"":40,""copying"":false,""score"":1,""info_chosen"":""NA"",""round"":1,""human"":true,""topic"":""Language""}",,,,,f,,{},lotty_info,8,1,Arabic
226,42:23.2,,,,,,f,,{},info,1,1,"{""question"": ""\""Chave\"" means \""key\"" in which language?"", ""number"": 41, ""round"": 1, ""topic"": ""Language"", ""Wwer"": ""Spanish"", ""Rwer"": ""Portugese"", ""pic"": false}"
227,42:27.7,"{""number"":41,""copying"":false,""score"":1,""info_chosen"":""NA"",""round"":1,""human"":true,""topic"":""Language""}",,,,,f,,{},lotty_info,9,1,Portugese
228,42:29.0,"{""number"":41,""copying"":false,""score"":1,""info_chosen"":""NA"",""round"":1,""human"":true,""topic"":""Language""}",,,,,f,,{},lotty_info,8,1,Portugese
229,42:31.5,"{""number"":41,""copying"":false,""score"":0,""info_chosen"":""NA"",""round"":1,""human"":true,""topic"":""Language""}",,,,,f,,{},lotty_info,7,1,Spanish
230,42:31.6,,,,,,f,,{},info,1,1,"{""question"": ""\""Umut\"" means \""hope\"" in which language?"", ""number"": 42, ""round"": 1, ""topic"": ""Language"", ""Wwer"": ""German"", ""Rwer"": ""Turkish"", ""pic"": false}"
231,42:35.9,"{""number"":42,""copying"":false,""score"":1,""info_chosen"":""NA"",""round"":1,""human"":true,""topic"":""Language""}",,,,,f,,{},lotty_info,7,1,Turkish
232,42:36.3,"{""number"":42,""copying"":false,""score"":1,""info_chosen"":""NA"",""round"":1,""human"":true,""topic"":""Language""}",,,,,f,,{},lotty_info,9,1,Turkish
233,42:37.2,"{""number"":42,""copying"":false,""score"":1,""info_chosen"":""NA"",""round"":1,""human"":true,""topic"":""Language""}",,,,,f,,{},lotty_info,8,1,Turkish
234,42:37.3,,,,,,f,,{},info,1,1,"{""question"": ""\""Nyugodt\"" means \""calm\"" in which language?"", ""number"": 43, ""round"": 1, ""topic"": ""Language"", ""Wwer"": ""Polish"", ""Rwer"": ""Hungarian"", ""pic"": false}"
235,42:40.9,"{""number"":43,""copying"":false,""score"":1,""info_chosen"":""NA"",""round"":1,""human"":true,""topic"":""Language""}",,,,,f,,{},lotty_info,9,1,Hungarian
236,42:42.9,"{""number"":43,""copying"":false,""score"":0,""info_chosen"":""NA"",""round"":1,""human"":true,""topic"":""Language""}",,,,,t,42:43.5,{},lotty_info,7,1,Ask Someone Else
237,42:43.3,"{""number"":43,""copying"":false,""score"":1,""info_chosen"":""NA"",""round"":1,""human"":true,""topic"":""Language""}",,,,,f,,{},lotty_info,8,1,Hungarian
238,42:43.5,,,,,,f,,{},info,1,1,Good Luck
239,42:46.1,"{""number"":43,""copying"":true,""score"":0,""info_chosen"":""Topic Score"",""round"":1,""human"":true,""topic"":""Language""}",,,,,t,42:46.2,{},lotty_info,7,1,8
240,42:46.2,"{""number"": 43, ""copying"": true, ""score"": 1, ""info_chosen"": ""Topic Score"", ""round"": 1, ""human"": true, ""topic"": ""Language""}",,,,,f,,{},lotty_info,7,1,Hungarian
241,42:46.3,,,,,,f,,{},info,1,1,"{""question"": ""\""Bloem\"" means \""flower\"" in which language?"", ""number"": 44, ""round"": 1, ""topic"": ""Language"", ""Wwer"": ""Danish"", ""Rwer"": ""Dutch"", ""pic"": false}"
242,42:50.8,"{""number"":44,""copying"":false,""score"":0,""info_chosen"":""NA"",""round"":1,""human"":true,""topic"":""Language""}",,,,,f,,{},lotty_info,9,1,Danish
243,42:51.8,"{""number"":44,""copying"":false,""score"":1,""info_chosen"":""NA"",""round"":1,""human"":true,""topic"":""Language""}",,,,,f,,{},lotty_info,7,1,Dutch
244,42:53.9,"{""number"":44,""copying"":false,""score"":1,""info_chosen"":""NA"",""round"":1,""human"":true,""topic"":""Language""}",,,,,f,,{},lotty_info,8,1,Dutch
245,42:54.0,,,,,,f,,{},info,1,1,"{""question"": ""\""Sel\"" means \""salt\"" in which language?"", ""number"": 45, ""round"": 1, ""topic"": ""Language"", ""Wwer"": ""German"", ""Rwer"": ""French"", ""pic"": false}"
246,42:57.2,"{""number"":45,""copying"":false,""score"":1,""info_chosen"":""NA"",""round"":1,""human"":true,""topic"":""Language""}",,,,,f,,{},lotty_info,9,1,French
247,42:59.7,"{""number"":45,""copying"":false,""score"":1,""info_chosen"":""NA"",""round"":1,""human"":true,""topic"":""Language""}",,,,,f,,{},lotty_info,7,1,French
248,43:03.3,"{""number"":45,""copying"":false,""score"":0,""info_chosen"":""NA"",""round"":1,""human"":true,""topic"":""Language""}",,,,,f,,{},lotty_info,8,1,German
249,43:03.4,,,,,,f,,{},info,1,1,"{""question"": ""The above is an image of a painting by which artist?"", ""number"": 46, ""round"": 1, ""topic"": ""Art"", ""Wwer"": ""Edouard Manet"", ""Rwer"": ""Claude Monet"", ""pic"": true}"
250,43:10.7,"{""number"":46,""copying"":false,""score"":1,""info_chosen"":""NA"",""round"":1,""human"":true,""topic"":""Art""}",,,,,f,,{},lotty_info,7,1,Claude Monet
251,43:14.5,"{""number"":46,""copying"":false,""score"":0,""info_chosen"":""NA"",""round"":1,""human"":true,""topic"":""Art""}",,,,,f,,{},lotty_info,9,1,Edouard Manet
252,43:17.5,"{""number"":46,""copying"":false,""score"":1,""info_chosen"":""NA"",""round"":1,""human"":true,""topic"":""Art""}",,,,,f,,{},lotty_info,8,1,Claude Monet
253,43:17.6,,,,,,f,,{},info,1,1,"{""question"": ""The above is an image of a painting by which artist?"", ""number"": 47, ""round"": 1, ""topic"": ""Art"", ""Wwer"": ""Rudolf Hausner"", ""Rwer"": ""Gustav Klimt"", ""pic"": true}"
254,43:23.6,"{""number"":47,""copying"":false,""score"":0,""info_chosen"":""NA"",""round"":1,""human"":true,""topic"":""Art""}",,,,,t,43:26.2,{},lotty_info,8,1,Ask Someone Else
255,43:24.6,"{""number"":47,""copying"":false,""score"":1,""info_chosen"":""NA"",""round"":1,""human"":true,""topic"":""Art""}",,,,,f,,{},lotty_info,9,1,Gustav Klimt
256,43:26.1,"{""number"":47,""copying"":false,""score"":1,""info_chosen"":""NA"",""round"":1,""human"":true,""topic"":""Art""}",,,,,f,,{},lotty_info,7,1,Gustav Klimt
257,43:26.2,,,,,,f,,{},info,1,1,Good Luck
258,43:28.6,"{""number"":47,""copying"":true,""score"":0,""info_chosen"":""Topic Score"",""round"":1,""human"":true,""topic"":""Art""}",,,,,t,43:28.7,{},lotty_info,8,1,7
259,43:28.7,"{""number"": 47, ""copying"": true, ""score"": 1, ""info_chosen"": ""Topic Score"", ""round"": 1, ""human"": true, ""topic"": ""Art""}",,,,,f,,{},lotty_info,8,1,Gustav Klimt
260,43:28.8,,,,,,f,,{},info,1,1,"{""question"": ""Edouard Manet died in"", ""number"": 48, ""round"": 1, ""topic"": ""Art"", ""Wwer"": ""1663"", ""Rwer"": ""1883"", ""pic"": false}"
261,43:34.0,"{""number"":48,""copying"":false,""score"":0,""info_chosen"":""NA"",""round"":1,""human"":true,""topic"":""Art""}",,,,,t,43:35.2,{},lotty_info,8,1,Ask Someone Else
262,43:34.6,"{""number"":48,""copying"":false,""score"":1,""info_chosen"":""NA"",""round"":1,""human"":true,""topic"":""Art""}",,,,,f,,{},lotty_info,7,1,1883
263,43:35.0,"{""number"":48,""copying"":false,""score"":1,""info_chosen"":""NA"",""round"":1,""human"":true,""topic"":""Art""}",,,,,f,,{},lotty_info,9,1,1883
264,43:35.1,,,,,,f,,{},info,1,1,Good Luck
265,43:37.7,"{""number"":48,""copying"":true,""score"":0,""info_chosen"":""Topic Score"",""round"":1,""human"":true,""topic"":""Art""}",,,,,t,43:37.8,{},lotty_info,8,1,7
266,43:37.8,"{""number"": 48, ""copying"": true, ""score"": 1, ""info_chosen"": ""Topic Score"", ""round"": 1, ""human"": true, ""topic"": ""Art""}",,,,,f,,{},lotty_info,8,1,1883
267,43:37.9,,,,,,f,,{},info,1,1,"{""question"": ""\""The starry night\"" is a famous painting by"", ""number"": 49, ""round"": 1, ""topic"": ""Art"", ""Wwer"": ""Jackson Pollock"", ""Rwer"": ""Vincent van Gogh"", ""pic"": false}"
268,43:41.9,"{""number"":49,""copying"":false,""score"":1,""info_chosen"":""NA"",""round"":1,""human"":true,""topic"":""Art""}",,,,,f,,{},lotty_info,7,1,Vincent van Gogh
269,43:42.8,"{""number"":49,""copying"":false,""score"":0,""info_chosen"":""NA"",""round"":1,""human"":true,""topic"":""Art""}",,,,,t,43:43.4,{},lotty_info,8,1,Ask Someone Else
270,43:43.3,"{""number"":49,""copying"":false,""score"":0,""info_chosen"":""NA"",""round"":1,""human"":true,""topic"":""Art""}",,,,,f,,{},lotty_info,9,1,Jackson Pollock
271,43:43.4,,,,,,f,,{},info,1,1,Good Luck
272,43:45.3,"{""number"":49,""copying"":true,""score"":0,""info_chosen"":""Topic Score"",""round"":1,""human"":true,""topic"":""Art""}",,,,,t,43:45.4,{},lotty_info,8,1,7
273,43:45.4,"{""number"": 49, ""copying"": true, ""score"": 1, ""info_chosen"": ""Topic Score"", ""round"": 1, ""human"": true, ""topic"": ""Art""}",,,,,f,,{},lotty_info,8,1,Vincent van Gogh
274,43:45.5,,,,,,f,,{},info,1,1,"{""question"": ""\""The singing butler\"" is a painting by the Scottish painter:"", ""number"": 50, ""round"": 1, ""topic"": ""Art"", ""Wwer"": ""Andrew Geddes"", ""Rwer"": ""Jack Vettriano"", ""pic"": false}"
275,43:49.9,"{""number"":50,""copying"":false,""score"":0,""info_chosen"":""NA"",""round"":1,""human"":true,""topic"":""Art""}",,,,,f,,{},lotty_info,9,1,Andrew Geddes
276,43:50.8,"{""number"":50,""copying"":false,""score"":0,""info_chosen"":""NA"",""round"":1,""human"":true,""topic"":""Art""}",,,,,f,,{},lotty_info,7,1,Andrew Geddes
277,43:54.5,"{""number"":50,""copying"":false,""score"":0,""info_chosen"":""NA"",""round"":1,""human"":true,""topic"":""Art""}",,,,,f,,{},lotty_info,8,1,Andrew Geddes
278,43:54.6,,,,,,f,,{},info,1,1,"{""question"": ""Antoni Gaudi was a Spanish:"", ""number"": 51, ""round"": 1, ""topic"": ""Art"", ""Wwer"": ""Poet"", ""Rwer"": ""Architect"", ""pic"": false}"
279,44:00.2,"{""number"":51,""copying"":false,""score"":0,""info_chosen"":""NA"",""round"":1,""human"":true,""topic"":""Art""}",,,,,f,,{},lotty_info,7,1,Poet
280,44:00.7,"{""number"":51,""copying"":false,""score"":0,""info_chosen"":""NA"",""round"":1,""human"":true,""topic"":""Art""}",,,,,f,,{},lotty_info,9,1,Poet
281,44:02.1,"{""number"":51,""copying"":false,""score"":0,""info_chosen"":""NA"",""round"":1,""human"":true,""topic"":""Art""}",,,,,f,,{},lotty_info,8,1,Poet
282,44:02.2,,,,,,f,,{},info,1,1,"{""question"": ""Auguste Rodin was a French:"", ""number"": 52, ""round"": 1, ""topic"": ""Art"", ""Wwer"": ""Architect"", ""Rwer"": ""Sculptor"", ""pic"": false}"
283,44:05.8,"{""number"":52,""copying"":false,""score"":1,""info_chosen"":""NA"",""round"":1,""human"":true,""topic"":""Art""}",,,,,f,,{},lotty_info,7,1,Sculptor
284,44:07.1,"{""number"":52,""copying"":false,""score"":1,""info_chosen"":""NA"",""round"":1,""human"":true,""topic"":""Art""}",,,,,f,,{},lotty_info,8,1,Sculptor
285,44:07.3,"{""number"":52,""copying"":false,""score"":1,""info_chosen"":""NA"",""round"":1,""human"":true,""topic"":""Art""}",,,,,f,,{},lotty_info,9,1,Sculptor
286,44:07.5,,,,,,f,,{},info,1,1,"{""question"": ""Rembrandt was famous for which style of painting?"", ""number"": 53, ""round"": 1, ""topic"": ""Art"", ""Wwer"": ""Surrealism"", ""Rwer"": ""Baroque"", ""pic"": false}"
287,44:13.1,"{""number"":53,""copying"":false,""score"":0,""info_chosen"":""NA"",""round"":1,""human"":true,""topic"":""Art""}",,,,,f,,{},lotty_info,9,1,Surrealism
288,44:14.8,"{""number"":53,""copying"":false,""score"":1,""info_chosen"":""NA"",""round"":1,""human"":true,""topic"":""Art""}",,,,,f,,{},lotty_info,8,1,Baroque
289,44:18.5,"{""number"":53,""copying"":false,""score"":0,""info_chosen"":""NA"",""round"":1,""human"":true,""topic"":""Art""}",,,,,t,44:18.7,{},lotty_info,7,1,Ask Someone Else
290,44:18.7,,,,,,f,,{},info,1,1,Good Luck
291,44:21.7,"{""number"":53,""copying"":true,""score"":0,""info_chosen"":""Topic Score"",""round"":1,""human"":true,""topic"":""Art""}",,,,,t,44:21.8,{},lotty_info,7,1,9
292,44:21.8,"{""number"": 53, ""copying"": true, ""score"": 0, ""info_chosen"": ""Topic Score"", ""round"": 1, ""human"": true, ""topic"": ""Art""}",,,,,f,,{},lotty_info,7,1,Surrealism
293,44:21.9,,,,,,f,,{},info,1,1,"{""question"": ""Paul Gauguin was a famous post-impressionist artist from:"", ""number"": 54, ""round"": 1, ""topic"": ""Art"", ""Wwer"": ""Italy"", ""Rwer"": ""France"", ""pic"": false}"
294,44:27.2,"{""number"":54,""copying"":false,""score"":1,""info_chosen"":""NA"",""round"":1,""human"":true,""topic"":""Art""}",,,,,f,,{},lotty_info,7,1,France
295,44:29.0,"{""number"":54,""copying"":false,""score"":0,""info_chosen"":""NA"",""round"":1,""human"":true,""topic"":""Art""}",,,,,t,44:30.3,{},lotty_info,8,1,Ask Someone Else
296,44:30.1,"{""number"":54,""copying"":false,""score"":1,""info_chosen"":""NA"",""round"":1,""human"":true,""topic"":""Art""}",,,,,f,,{},lotty_info,9,1,France
297,44:30.3,,,,,,f,,{},info,1,1,Good Luck
298,44:32.7,"{""number"":54,""copying"":true,""score"":0,""info_chosen"":""Topic Score"",""round"":1,""human"":true,""topic"":""Art""}",,,,,t,44:32.8,{},lotty_info,8,1,7
299,44:32.8,"{""number"": 54, ""copying"": true, ""score"": 1, ""info_chosen"": ""Topic Score"", ""round"": 1, ""human"": true, ""topic"": ""Art""}",,,,,f,,{},lotty_info,8,1,France
300,44:33.0,,,,,,f,,{},info,1,1,"{""question"": ""Edgar Degas famously painted"", ""number"": 55, ""round"": 1, ""topic"": ""Art"", ""Wwer"": ""water lilies"", ""Rwer"": ""dancers"", ""pic"": false}"
301,44:38.0,"{""number"":55,""copying"":false,""score"":0,""info_chosen"":""NA"",""round"":1,""human"":true,""topic"":""Art""}",,,,,t,44:40.7,{},lotty_info,8,1,Ask Someone Else
302,44:38.1,"{""number"":55,""copying"":false,""score"":1,""info_chosen"":""NA"",""round"":1,""human"":true,""topic"":""Art""}",,,,,f,,{},lotty_info,7,1,dancers
303,44:40.5,"{""number"":55,""copying"":false,""score"":0,""info_chosen"":""NA"",""round"":1,""human"":true,""topic"":""Art""}",,,,,f,,{},lotty_info,9,1,water lilies
304,44:40.7,,,,,,f,,{},info,1,1,Good Luck
305,44:42.7,"{""number"":55,""copying"":true,""score"":0,""info_chosen"":""Topic Score"",""round"":1,""human"":true,""topic"":""Art""}",,,,,t,44:42.8,{},lotty_info,8,1,7
306,44:42.8,"{""number"": 55, ""copying"": true, ""score"": 1, ""info_chosen"": ""Topic Score"", ""round"": 1, ""human"": true, ""topic"": ""Art""}",,,,,f,,{},lotty_info,8,1,dancers
307,44:42.9,,,,,,f,,{},info,1,1,"{""question"": ""The above is an image of a painting by which artist?"", ""number"": 56, ""round"": 1, ""topic"": ""Art"", ""Wwer"": ""Franz Kline"", ""Rwer"": ""Jackson Pollack"", ""pic"": true}"
308,44:47.7,"{""number"":56,""copying"":false,""score"":1,""info_chosen"":""NA"",""round"":1,""human"":true,""topic"":""Art""}",,,,,f,,{},lotty_info,7,1,Jackson Pollack
309,44:48.1,"{""number"":56,""copying"":false,""score"":1,""info_chosen"":""NA"",""round"":1,""human"":true,""topic"":""Art""}",,,,,f,,{},lotty_info,9,1,Jackson Pollack
310,44:49.3,"{""number"":56,""copying"":false,""score"":0,""info_chosen"":""NA"",""round"":1,""human"":true,""topic"":""Art""}",,,,,t,44:49.4,{},lotty_info,8,1,Ask Someone Else
311,44:49.4,,,,,,f,,{},info,1,1,Good Luck
312,44:51.8,"{""number"":56,""copying"":true,""score"":0,""info_chosen"":""Topic Score"",""round"":1,""human"":true,""topic"":""Art""}",,,,,t,44:51.8,{},lotty_info,8,1,7
313,44:51.8,"{""number"": 56, ""copying"": true, ""score"": 1, ""info_chosen"": ""Topic Score"", ""round"": 1, ""human"": true, ""topic"": ""Art""}",,,,,f,,{},lotty_info,8,1,Jackson Pollack
314,44:52.0,,,,,,f,,{},info,1,1,"{""question"": ""The above is an image of a painting by which artist?"", ""number"": 57, ""round"": 1, ""topic"": ""Art"", ""Wwer"": ""Marcel Duchamp"", ""Rwer"": ""Salvador Dali"", ""pic"": true}"
315,44:56.3,"{""number"":57,""copying"":false,""score"":0,""info_chosen"":""NA"",""round"":1,""human"":true,""topic"":""Art""}",,,,,f,,{},lotty_info,9,1,Marcel Duchamp
316,44:58.9,"{""number"":57,""copying"":false,""score"":1,""info_chosen"":""NA"",""round"":1,""human"":true,""topic"":""Art""}",,,,,f,,{},lotty_info,8,1,Salvador Dali
317,45:04.2,"{""number"":57,""copying"":false,""score"":1,""info_chosen"":""NA"",""round"":1,""human"":true,""topic"":""Art""}",,,,,f,,{},lotty_info,7,1,Salvador Dali
318,45:04.3,,,,,,f,,{},info,1,1,"{""question"": ""The above is an image associated with which artist?"", ""number"": 58, ""round"": 1, ""topic"": ""Art"", ""Wwer"": ""Roy Lichtenstein"", ""Rwer"": ""Andy Warhol"", ""pic"": true}"
319,45:08.2,"{""number"":58,""copying"":false,""score"":1,""info_chosen"":""NA"",""round"":1,""human"":true,""topic"":""Art""}",,,,,f,,{},lotty_info,9,1,Andy Warhol
320,45:08.2,"{""number"":58,""copying"":false,""score"":1,""info_chosen"":""NA"",""round"":1,""human"":true,""topic"":""Art""}",,,,,f,,{},lotty_info,7,1,Andy Warhol
321,45:11.2,"{""number"":58,""copying"":false,""score"":1,""info_chosen"":""NA"",""round"":1,""human"":true,""topic"":""Art""}",,,,,f,,{},lotty_info,8,1,Andy Warhol
322,45:11.3,,,,,,f,,{},info,1,1,"{""question"": ""\""Flaming June\"" is a painting by:"", ""number"": 59, ""round"": 1, ""topic"": ""Art"", ""Wwer"": ""Jan van Eyck"", ""Rwer"": ""Sir Frederic Leighton"", ""pic"": false}"
323,45:14.8,"{""number"":59,""copying"":false,""score"":0,""info_chosen"":""NA"",""round"":1,""human"":true,""topic"":""Art""}",,,,,t,45:15.9,{},lotty_info,7,1,Ask Someone Else
324,45:14.9,"{""number"":59,""copying"":false,""score"":0,""info_chosen"":""NA"",""round"":1,""human"":true,""topic"":""Art""}",,,,,f,,{},lotty_info,9,1,Jan van Eyck
325,45:15.8,"{""number"":59,""copying"":false,""score"":0,""info_chosen"":""NA"",""round"":1,""human"":true,""topic"":""Art""}",,,,,t,45:15.9,{},lotty_info,8,1,Ask Someone Else
326,45:15.9,,,,,,f,,{},info,1,1,Good Luck
327,45:17.6,"{""number"":59,""copying"":true,""score"":0,""info_chosen"":""Topic Score"",""round"":1,""human"":true,""topic"":""Art""}",,,,,t,45:17.6,{},lotty_info,7,1,9
328,45:17.6,"{""number"": 59, ""copying"": true, ""score"": 0, ""info_chosen"": ""Topic Score"", ""round"": 1, ""human"": true, ""topic"": ""Art""}",,,,,f,,{},lotty_info,7,1,Jan van Eyck
329,45:18.2,"{""number"":59,""copying"":true,""score"":0,""info_chosen"":""Topic Score"",""round"":1,""human"":true,""topic"":""Art""}",,,,,t,45:18.3,{},lotty_info,8,1,9
330,45:18.3,"{""number"": 59, ""copying"": true, ""score"": 0, ""info_chosen"": ""Topic Score"", ""round"": 1, ""human"": true, ""topic"": ""Art""}",,,,,f,,{},lotty_info,8,1,Jan van Eyck
331,45:18.4,,,,,,f,,{},info,1,1,"{""question"": ""\""The Creation of Adam\"" is a painting by:"", ""number"": 60, ""round"": 1, ""topic"": ""Art"", ""Wwer"": ""Leonardo da Vinci"", ""Rwer"": ""Michelangelo"", ""pic"": false}"
332,45:22.9,"{""number"":60,""copying"":false,""score"":0,""info_chosen"":""NA"",""round"":1,""human"":true,""topic"":""Art""}",,,,,f,,{},lotty_info,9,1,Leonardo da Vinci
333,45:23.0,"{""number"":60,""copying"":false,""score"":1,""info_chosen"":""NA"",""round"":1,""human"":true,""topic"":""Art""}",,,,,f,,{},lotty_info,7,1,Michelangelo
334,45:26.6,"{""number"":60,""copying"":false,""score"":0,""info_chosen"":""NA"",""round"":1,""human"":true,""topic"":""Art""}",,,,,t,45:26.7,{},lotty_info,8,1,Ask Someone Else
335,45:26.7,,,,,,f,,{},info,1,1,Good Luck
336,45:29.9,"{""number"":60,""copying"":true,""score"":0,""info_chosen"":""Topic Score"",""round"":1,""human"":true,""topic"":""Art""}",,,,,t,45:29.9,{},lotty_info,8,1,7
337,45:29.9,"{""number"": 60, ""copying"": true, ""score"": 1, ""info_chosen"": ""Topic Score"", ""round"": 1, ""human"": true, ""topic"": ""Art""}",,,,,f,,{},lotty_info,8,1,Michelangelo
338,45:30.1,,,,,,f,,{},info,1,1,"{""question"": ""The Virgin Islands are closer to:"", ""number"": 61, ""round"": 2, ""topic"": ""Geography"", ""Wwer"": ""The Indian Ocean"", ""Rwer"": ""The Caribbean Sea"", ""pic"": false}"
339,46:02.0,"{""number"":61,""copying"":false,""score"":1,""info_chosen"":""NA"",""round"":2,""human"":true,""topic"":""Geography""}",,,,,f,,{},lotty_info,9,1,The Caribbean Sea
340,46:19.7,"{""number"":61,""copying"":false,""score"":1,""info_chosen"":""NA"",""round"":2,""human"":true,""topic"":""Geography""}",,,,,f,,{},lotty_info,7,1,The Caribbean Sea
341,46:41.1,"{""number"":61,""copying"":false,""score"":0,""info_chosen"":""NA"",""round"":2,""human"":true,""topic"":""Geography""}",,,,,t,46:41.2,{},lotty_info,8,1,Ask Someone Else
342,46:41.2,,,,,,f,,{},info,1,1,Good Luck
343,46:49.1,"{""number"":61,""copying"":true,""score"":0,""info_chosen"":""Times Chosen on This Topic"",""round"":2,""human"":true,""topic"":""Geography""}",,,,,t,46:49.2,{},lotty_info,8,1,7
344,46:49.2,"{""number"": 61, ""copying"": true, ""score"": 1, ""info_chosen"": ""Times Chosen on This Topic"", ""round"": 2, ""human"": true, ""topic"": ""Geography""}",,,,,f,,{},lotty_info,8,1,The Caribbean Sea
345,46:49.3,,,,,,f,,{},info,1,1,"{""question"": ""Brussels is a city in:"", ""number"": 62, ""round"": 2, ""topic"": ""Geography"", ""Wwer"": ""Germany"", ""Rwer"": ""Belgium"", ""pic"": false}"
346,46:53.5,"{""number"":62,""copying"":false,""score"":1,""info_chosen"":""NA"",""round"":2,""human"":true,""topic"":""Geography""}",,,,,f,,{},lotty_info,7,1,Belgium
347,46:56.0,"{""number"":62,""copying"":false,""score"":0,""info_chosen"":""NA"",""round"":2,""human"":true,""topic"":""Geography""}",,,,,f,,{},lotty_info,9,1,Germany
348,46:57.5,"{""number"":62,""copying"":false,""score"":1,""info_chosen"":""NA"",""round"":2,""human"":true,""topic"":""Geography""}",,,,,f,,{},lotty_info,8,1,Belgium
349,46:57.6,,,,,,f,,{},info,1,1,"{""question"": ""Melbourne is a city in:"", ""number"": 63, ""round"": 2, ""topic"": ""Geography"", ""Wwer"": ""New Zealand"", ""Rwer"": ""Australia"", ""pic"": false}"
350,47:01.6,"{""number"":63,""copying"":false,""score"":1,""info_chosen"":""NA"",""round"":2,""human"":true,""topic"":""Geography""}",,,,,f,,{},lotty_info,7,1,Australia
351,47:02.8,"{""number"":63,""copying"":false,""score"":1,""info_chosen"":""NA"",""round"":2,""human"":true,""topic"":""Geography""}",,,,,f,,{},lotty_info,8,1,Australia
352,47:03.9,"{""number"":63,""copying"":false,""score"":0,""info_chosen"":""NA"",""round"":2,""human"":true,""topic"":""Geography""}",,,,,f,,{},lotty_info,9,1,New Zealand
353,47:04.0,,,,,,f,,{},info,1,1,"{""question"": ""Paris is closer to:"", ""number"": 64, ""round"": 2, ""topic"": ""Geography"", ""Wwer"": ""Bordeaux"", ""Rwer"": ""Calais"", ""pic"": false}"
354,47:08.6,"{""number"":64,""copying"":false,""score"":0,""info_chosen"":""NA"",""round"":2,""human"":true,""topic"":""Geography""}",,,,,t,47:11.3,{},lotty_info,8,1,Ask Someone Else
355,47:10.2,"{""number"":64,""copying"":false,""score"":1,""info_chosen"":""NA"",""round"":2,""human"":true,""topic"":""Geography""}",,,,,f,,{},lotty_info,9,1,Calais
356,47:11.1,"{""number"":64,""copying"":false,""score"":1,""info_chosen"":""NA"",""round"":2,""human"":true,""topic"":""Geography""}",,,,,f,,{},lotty_info,7,1,Calais
357,47:11.3,,,,,,f,,{},info,1,1,Good Luck
358,47:15.4,"{""number"":64,""copying"":true,""score"":0,""info_chosen"":""Times Chosen on This Topic"",""round"":2,""human"":true,""topic"":""Geography""}",,,,,t,47:15.4,{},lotty_info,8,1,7
359,47:15.4,"{""number"": 64, ""copying"": true, ""score"": 1, ""info_chosen"": ""Times Chosen on This Topic"", ""round"": 2, ""human"": true, ""topic"": ""Geography""}",,,,,f,,{},lotty_info,8,1,Calais
360,47:15.6,,,,,,f,,{},info,1,1,"{""question"": ""Sri Lanka is an island off the coast of:"", ""number"": 65, ""round"": 2, ""topic"": ""Geography"", ""Wwer"": ""Cambodia"", ""Rwer"": ""India"", ""pic"": false}"
361,47:20.1,"{""number"":65,""copying"":false,""score"":1,""info_chosen"":""NA"",""round"":2,""human"":true,""topic"":""Geography""}",,,,,f,,{},lotty_info,7,1,India
362,47:21.0,"{""number"":65,""copying"":false,""score"":0,""info_chosen"":""NA"",""round"":2,""human"":true,""topic"":""Geography""}",,,,,t,47:22.0,{},lotty_info,8,1,Ask Someone Else
363,47:21.9,"{""number"":65,""copying"":false,""score"":1,""info_chosen"":""NA"",""round"":2,""human"":true,""topic"":""Geography""}",,,,,f,,{},lotty_info,9,1,India
364,47:22.0,,,,,,f,,{},info,1,1,Good Luck
365,47:25.5,"{""number"":65,""copying"":true,""score"":0,""info_chosen"":""Times Chosen on This Topic"",""round"":2,""human"":true,""topic"":""Geography""}",,,,,t,47:25.6,{},lotty_info,8,1,7
366,47:25.6,"{""number"": 65, ""copying"": true, ""score"": 1, ""info_chosen"": ""Times Chosen on This Topic"", ""round"": 2, ""human"": true, ""topic"": ""Geography""}",,,,,f,,{},lotty_info,8,1,India
367,47:25.7,,,,,,f,,{},info,1,1,"{""question"": ""Liberia shares a border with:"", ""number"": 66, ""round"": 2, ""topic"": ""Geography"", ""Wwer"": ""Morocco"", ""Rwer"": ""Guinea"", ""pic"": false}"
368,47:30.1,"{""number"":66,""copying"":false,""score"":0,""info_chosen"":""NA"",""round"":2,""human"":true,""topic"":""Geography""}",,,,,t,47:39.1,{},lotty_info,8,1,Ask Someone Else
369,47:30.7,"{""number"":66,""copying"":false,""score"":0,""info_chosen"":""NA"",""round"":2,""human"":true,""topic"":""Geography""}",,,,,f,,{},lotty_info,9,1,Morocco
370,47:38.9,"{""number"":66,""copying"":false,""score"":1,""info_chosen"":""NA"",""round"":2,""human"":true,""topic"":""Geography""}",,,,,f,,{},lotty_info,7,1,Guinea
371,47:39.1,,,,,,f,,{},info,1,1,Good Luck
372,47:42.7,"{""number"":66,""copying"":true,""score"":0,""info_chosen"":""Times Chosen on a Different Topic"",""round"":2,""human"":true,""topic"":""Geography""}",,,,,t,47:42.7,{},lotty_info,8,1,7
373,47:42.7,"{""number"": 66, ""copying"": true, ""score"": 1, ""info_chosen"": ""Times Chosen on a Different Topic"", ""round"": 2, ""human"": true, ""topic"": ""Geography""}",,,,,f,,{},lotty_info,8,1,Guinea
374,47:42.9,,,,,,f,,{},info,1,1,"{""question"": ""Oman shares a border with"", ""number"": 67, ""round"": 2, ""topic"": ""Geography"", ""Wwer"": ""Kuwait"", ""Rwer"": ""Saudi Arabia"", ""pic"": false}"
375,47:47.0,"{""number"":67,""copying"":false,""score"":0,""info_chosen"":""NA"",""round"":2,""human"":true,""topic"":""Geography""}",,,,,t,47:51.8,{},lotty_info,8,1,Ask Someone Else
376,47:48.2,"{""number"":67,""copying"":false,""score"":0,""info_chosen"":""NA"",""round"":2,""human"":true,""topic"":""Geography""}",,,,,f,,{},lotty_info,9,1,Kuwait
377,47:51.6,"{""number"":67,""copying"":false,""score"":1,""info_chosen"":""NA"",""round"":2,""human"":true,""topic"":""Geography""}",,,,,f,,{},lotty_info,7,1,Saudi Arabia
378,47:51.8,,,,,,f,,{},info,1,1,Good Luck
379,47:54.8,"{""number"":67,""copying"":true,""score"":0,""info_chosen"":""Times Chosen on a Different Topic"",""round"":2,""human"":true,""topic"":""Geography""}",,,,,t,47:54.9,{},lotty_info,8,1,9
380,47:54.9,"{""number"": 67, ""copying"": true, ""score"": 0, ""info_chosen"": ""Times Chosen on a Different Topic"", ""round"": 2, ""human"": true, ""topic"": ""Geography""}",,,,,f,,{},lotty_info,8,1,Kuwait
381,47:55.0,,,,,,f,,{},info,1,1,"{""question"": ""Copenhagen is closer to:"", ""number"": 68, ""round"": 2, ""topic"": ""Geography"", ""Wwer"": ""Oslo"", ""Rwer"": ""Gothenburg"", ""pic"": false}"
382,48:00.1,"{""number"":68,""copying"":false,""score"":0,""info_chosen"":""NA"",""round"":2,""human"":true,""topic"":""Geography""}",,,,,t,48:02.5,{},lotty_info,8,1,Ask Someone Else
383,48:01.0,"{""number"":68,""copying"":false,""score"":0,""info_chosen"":""NA"",""round"":2,""human"":true,""topic"":""Geography""}",,,,,f,,{},lotty_info,9,1,Oslo
384,48:02.4,"{""number"":68,""copying"":false,""score"":0,""info_chosen"":""NA"",""round"":2,""human"":true,""topic"":""Geography""}",,,,,f,,{},lotty_info,7,1,Oslo
385,48:02.5,,,,,,f,,{},info,1,1,Good Luck
386,48:05.9,"{""number"":68,""copying"":true,""score"":0,""info_chosen"":""Times Chosen on This Topic"",""round"":2,""human"":true,""topic"":""Geography""}",,,,,t,48:05.9,{},lotty_info,8,1,7
387,48:06.0,"{""number"": 68, ""copying"": true, ""score"": 0, ""info_chosen"": ""Times Chosen on This Topic"", ""round"": 2, ""human"": true, ""topic"": ""Geography""}",,,,,f,,{},lotty_info,8,1,Oslo
388,48:06.1,,,,,,f,,{},info,1,1,"{""question"": ""The Shetland Islands are part of:"", ""number"": 69, ""round"": 2, ""topic"": ""Geography"", ""Wwer"": ""Iceland"", ""Rwer"": ""Scotland"", ""pic"": false}"
389,48:10.2,"{""number"":69,""copying"":false,""score"":1,""info_chosen"":""NA"",""round"":2,""human"":true,""topic"":""Geography""}",,,,,f,,{},lotty_info,7,1,Scotland
390,48:11.8,"{""number"":69,""copying"":false,""score"":0,""info_chosen"":""NA"",""round"":2,""human"":true,""topic"":""Geography""}",,,,,t,48:13.3,{},lotty_info,8,1,Ask Someone Else
391,48:13.1,"{""number"":69,""copying"":false,""score"":1,""info_chosen"":""NA"",""round"":2,""human"":true,""topic"":""Geography""}",,,,,f,,{},lotty_info,9,1,Scotland
392,48:13.3,,,,,,f,,{},info,1,1,Good Luck
393,48:16.4,"{""number"":69,""copying"":true,""score"":0,""info_chosen"":""Times Chosen on This Topic"",""round"":2,""human"":true,""topic"":""Geography""}",,,,,t,48:16.5,{},lotty_info,8,1,7
394,48:16.5,"{""number"": 69, ""copying"": true, ""score"": 1, ""info_chosen"": ""Times Chosen on This Topic"", ""round"": 2, ""human"": true, ""topic"": ""Geography""}",,,,,f,,{},lotty_info,8,1,Scotland
395,48:16.6,,,,,,f,,{},info,1,1,"{""question"": ""Tokyo is closer to:"", ""number"": 70, ""round"": 2, ""topic"": ""Geography"", ""Wwer"": ""Kyoto"", ""Rwer"": ""Hamamatsu"", ""pic"": false}"
396,48:20.7,"{""number"":70,""copying"":false,""score"":0,""info_chosen"":""NA"",""round"":2,""human"":true,""topic"":""Geography""}",,,,,t,48:22.7,{},lotty_info,8,1,Ask Someone Else
397,48:21.6,"{""number"":70,""copying"":false,""score"":0,""info_chosen"":""NA"",""round"":2,""human"":true,""topic"":""Geography""}",,,,,f,,{},lotty_info,9,1,Kyoto
398,48:22.6,"{""number"":70,""copying"":false,""score"":0,""info_chosen"":""NA"",""round"":2,""human"":true,""topic"":""Geography""}",,,,,f,,{},lotty_info,7,1,Kyoto
399,48:22.7,,,,,,f,,{},info,1,1,Good Luck
400,48:25.7,"{""number"":70,""copying"":true,""score"":0,""info_chosen"":""Times Chosen on This Topic"",""round"":2,""human"":true,""topic"":""Geography""}",,,,,t,48:25.7,{},lotty_info,8,1,7
401,48:25.7,"{""number"": 70, ""copying"": true, ""score"": 0, ""info_chosen"": ""Times Chosen on This Topic"", ""round"": 2, ""human"": true, ""topic"": ""Geography""}",,,,,f,,{},lotty_info,8,1,Kyoto
402,48:25.9,,,,,,f,,{},info,1,1,"{""question"": ""What is the average weight of an oak tree?"", ""number"": 71, ""round"": 2, ""topic"": ""Weight"", ""Wwer"": ""900kg"", ""Rwer"": ""9000kg"", ""pic"": false}"
403,48:36.3,"{""number"":71,""copying"":false,""score"":0,""info_chosen"":""NA"",""round"":2,""human"":true,""topic"":""Weight""}",,,,,f,,{},lotty_info,8,1,900kg
404,48:37.1,"{""number"":71,""copying"":false,""score"":1,""info_chosen"":""NA"",""round"":2,""human"":true,""topic"":""Weight""}",,,,,f,,{},lotty_info,9,1,9000kg
405,48:39.0,"{""number"":71,""copying"":false,""score"":1,""info_chosen"":""NA"",""round"":2,""human"":true,""topic"":""Weight""}",,,,,f,,{},lotty_info,7,1,9000kg
406,48:39.1,,,,,,f,,{},info,1,1,"{""question"": ""What does a typical car tyre weigh?"", ""number"": 72, ""round"": 2, ""topic"": ""Weight"", ""Wwer"": ""0.7kg"", ""Rwer"": ""7kg"", ""pic"": false}"
407,48:44.1,"{""number"":72,""copying"":false,""score"":1,""info_chosen"":""NA"",""round"":2,""human"":true,""topic"":""Weight""}",,,,,f,,{},lotty_info,8,1,7kg
408,48:44.4,"{""number"":72,""copying"":false,""score"":1,""info_chosen"":""NA"",""round"":2,""human"":true,""topic"":""Weight""}",,,,,f,,{},lotty_info,9,1,7kg
409,48:47.1,"{""number"":72,""copying"":false,""score"":1,""info_chosen"":""NA"",""round"":2,""human"":true,""topic"":""Weight""}",,,,,f,,{},lotty_info,7,1,7kg
410,48:47.2,,,,,,f,,{},info,1,1,"{""question"": ""Which weighs more, on average?"", ""number"": 73, ""round"": 2, ""topic"": ""Weight"", ""Wwer"": ""A hen's egg"", ""Rwer"": ""An ostrich egg"", ""pic"": false}"
411,48:51.6,"{""number"":73,""copying"":false,""score"":1,""info_chosen"":""NA"",""round"":2,""human"":true,""topic"":""Weight""}",,,,,f,,{},lotty_info,7,1,An ostrich egg
412,48:51.9,"{""number"":73,""copying"":false,""score"":1,""info_chosen"":""NA"",""round"":2,""human"":true,""topic"":""Weight""}",,,,,f,,{},lotty_info,8,1,An ostrich egg
413,48:56.8,"{""number"":73,""copying"":false,""score"":1,""info_chosen"":""NA"",""round"":2,""human"":true,""topic"":""Weight""}",,,,,f,,{},lotty_info,9,1,An ostrich egg
414,48:57.0,,,,,,f,,{},info,1,1,"{""question"": ""Which weighs more, on average?"", ""number"": 74, ""round"": 2, ""topic"": ""Weight"", ""Wwer"": ""An olive"", ""Rwer"": ""A fig"", ""pic"": false}"
415,49:01.8,"{""number"":74,""copying"":false,""score"":1,""info_chosen"":""NA"",""round"":2,""human"":true,""topic"":""Weight""}",,,,,f,,{},lotty_info,7,1,A fig
416,49:02.7,"{""number"":74,""copying"":false,""score"":0,""info_chosen"":""NA"",""round"":2,""human"":true,""topic"":""Weight""}",,,,,f,,{},lotty_info,9,1,An olive
417,49:03.8,"{""number"":74,""copying"":false,""score"":1,""info_chosen"":""NA"",""round"":2,""human"":true,""topic"":""Weight""}",,,,,f,,{},lotty_info,8,1,A fig
418,49:03.9,,,,,,f,,{},info,1,1,"{""question"": ""How much does an average loaf of bread weigh?"", ""number"": 75, ""round"": 2, ""topic"": ""Weight"", ""Wwer"": ""40g"", ""Rwer"": ""400g"", ""pic"": false}"
419,49:08.9,"{""number"":75,""copying"":false,""score"":0,""info_chosen"":""NA"",""round"":2,""human"":true,""topic"":""Weight""}",,,,,f,,{},lotty_info,7,1,40g
420,49:09.0,"{""number"":75,""copying"":false,""score"":0,""info_chosen"":""NA"",""round"":2,""human"":true,""topic"":""Weight""}",,,,,f,,{},lotty_info,9,1,40g
421,49:18.7,"{""number"":75,""copying"":false,""score"":1,""info_chosen"":""NA"",""round"":2,""human"":true,""topic"":""Weight""}",,,,,f,,{},lotty_info,8,1,400g
422,49:18.8,,,,,,f,,{},info,1,1,"{""question"": ""How much does a barrel of whisky weigh?"", ""number"": 76, ""round"": 2, ""topic"": ""Weight"", ""Wwer"": ""2000kg"", ""Rwer"": ""200kg"", ""pic"": false}"
423,49:25.7,"{""number"":76,""copying"":false,""score"":1,""info_chosen"":""NA"",""round"":2,""human"":true,""topic"":""Weight""}",,,,,f,,{},lotty_info,9,1,200kg
424,49:26.0,"{""number"":76,""copying"":false,""score"":1,""info_chosen"":""NA"",""round"":2,""human"":true,""topic"":""Weight""}",,,,,f,,{},lotty_info,8,1,200kg
425,49:26.6,"{""number"":76,""copying"":false,""score"":0,""info_chosen"":""NA"",""round"":2,""human"":true,""topic"":""Weight""}",,,,,f,,{},lotty_info,7,1,2000kg
426,49:26.7,,,,,,f,,{},info,1,1,"{""question"": ""How much does an average grizzly bear weigh?"", ""number"": 77, ""round"": 2, ""topic"": ""Weight"", ""Wwer"": ""3,400kg"", ""Rwer"": ""340kg"", ""pic"": false}"
427,49:32.4,"{""number"":77,""copying"":false,""score"":1,""info_chosen"":""NA"",""round"":2,""human"":true,""topic"":""Weight""}",,,,,f,,{},lotty_info,8,1,340kg
428,49:32.5,"{""number"":77,""copying"":false,""score"":1,""info_chosen"":""NA"",""round"":2,""human"":true,""topic"":""Weight""}",,,,,f,,{},lotty_info,9,1,340kg
429,49:35.3,"{""number"":77,""copying"":false,""score"":0,""info_chosen"":""NA"",""round"":2,""human"":true,""topic"":""Weight""}",,,,,f,,{},lotty_info,7,1,"3,400kg"
430,49:35.4,,,,,,f,,{},info,1,1,"{""question"": ""How much does a typical jacket potato weigh?"", ""number"": 78, ""round"": 2, ""topic"": ""Weight"", ""Wwer"": ""18g"", ""Rwer"": ""180g"", ""pic"": false}"
431,49:40.1,"{""number"":78,""copying"":false,""score"":1,""info_chosen"":""NA"",""round"":2,""human"":true,""topic"":""Weight""}",,,,,f,,{},lotty_info,9,1,180g
432,49:41.7,"{""number"":78,""copying"":false,""score"":0,""info_chosen"":""NA"",""round"":2,""human"":true,""topic"":""Weight""}",,,,,f,,{},lotty_info,7,1,18g
433,49:44.1,"{""number"":78,""copying"":false,""score"":1,""info_chosen"":""NA"",""round"":2,""human"":true,""topic"":""Weight""}",,,,,f,,{},lotty_info,8,1,180g
434,49:44.3,,,,,,f,,{},info,1,1,"{""question"": ""Which weighs more, on average?"", ""number"": 79, ""round"": 2, ""topic"": ""Weight"", ""Wwer"": ""An apricot"", ""Rwer"": ""An avocado"", ""pic"": false}"
435,49:48.4,"{""number"":79,""copying"":false,""score"":1,""info_chosen"":""NA"",""round"":2,""human"":true,""topic"":""Weight""}",,,,,f,,{},lotty_info,7,1,An avocado
436,49:49.2,"{""number"":79,""copying"":false,""score"":1,""info_chosen"":""NA"",""round"":2,""human"":true,""topic"":""Weight""}",,,,,f,,{},lotty_info,9,1,An avocado
437,49:56.1,"{""number"":79,""copying"":false,""score"":1,""info_chosen"":""NA"",""round"":2,""human"":true,""topic"":""Weight""}",,,,,f,,{},lotty_info,8,1,An avocado
438,49:56.3,,,,,,f,,{},info,1,1,"{""question"": ""Which weighs more, on average?"", ""number"": 80, ""round"": 2, ""topic"": ""Weight"", ""Wwer"": ""A coconut"", ""Rwer"": ""A watermelon"", ""pic"": false}"
439,50:02.3,"{""number"":80,""copying"":false,""score"":1,""info_chosen"":""NA"",""round"":2,""human"":true,""topic"":""Weight""}",,,,,f,,{},lotty_info,9,1,A watermelon
440,50:02.6,"{""number"":80,""copying"":false,""score"":1,""info_chosen"":""NA"",""round"":2,""human"":true,""topic"":""Weight""}",,,,,f,,{},lotty_info,7,1,A watermelon
441,50:02.9,"{""number"":80,""copying"":false,""score"":1,""info_chosen"":""NA"",""round"":2,""human"":true,""topic"":""Weight""}",,,,,f,,{},lotty_info,8,1,A watermelon
442,50:03.1,,,,,,f,,{},info,1,1,"{""question"": ""\""Schuh\"" means \""shoe\"" in which language?"", ""number"": 81, ""round"": 2, ""topic"": ""Language"", ""Wwer"": ""Dutch"", ""Rwer"": ""German"", ""pic"": false}"
443,50:09.3,"{""number"":81,""copying"":false,""score"":1,""info_chosen"":""NA"",""round"":2,""human"":true,""topic"":""Language""}",,,,,f,,{},lotty_info,7,1,German
444,50:11.3,"{""number"":81,""copying"":false,""score"":1,""info_chosen"":""NA"",""round"":2,""human"":true,""topic"":""Language""}",,,,,f,,{},lotty_info,9,1,German
445,50:14.2,"{""number"":81,""copying"":false,""score"":0,""info_chosen"":""NA"",""round"":2,""human"":true,""topic"":""Language""}",,,,,f,,{},lotty_info,8,1,Dutch
446,50:14.3,,,,,,f,,{},info,1,1,"{""question"": ""\""Strom\"" means \""tree\"" in which language?"", ""number"": 82, ""round"": 2, ""topic"": ""Language"", ""Wwer"": ""Ukranian"", ""Rwer"": ""Slovak"", ""pic"": false}"
447,50:20.0,"{""number"":82,""copying"":false,""score"":1,""info_chosen"":""NA"",""round"":2,""human"":true,""topic"":""Language""}",,,,,f,,{},lotty_info,9,1,Slovak
448,50:23.0,"{""number"":82,""copying"":false,""score"":0,""info_chosen"":""NA"",""round"":2,""human"":true,""topic"":""Language""}",,,,,f,,{},lotty_info,8,1,Ukranian
449,50:23.9,"{""number"":82,""copying"":false,""score"":0,""info_chosen"":""NA"",""round"":2,""human"":true,""topic"":""Language""}",,,,,t,50:24.1,{},lotty_info,7,1,Ask Someone Else
450,50:24.1,,,,,,f,,{},info,1,1,Good Luck
451,50:30.4,"{""number"":82,""copying"":true,""score"":0,""info_chosen"":""Times Chosen on This Topic"",""round"":2,""human"":true,""topic"":""Language""}",,,,,t,50:30.4,{},lotty_info,7,1,9
452,50:30.5,"{""number"": 82, ""copying"": true, ""score"": 1, ""info_chosen"": ""Times Chosen on This Topic"", ""round"": 2, ""human"": true, ""topic"": ""Language""}",,,,,f,,{},lotty_info,7,1,Slovak
453,50:30.6,,,,,,f,,{},info,1,1,"{""question"": ""\""Hai\"" means \""shark\"" in which language?"", ""number"": 83, ""round"": 2, ""topic"": ""Language"", ""Wwer"": ""Telugu"", ""Rwer"": ""Finnish"", ""pic"": false}"
454,50:35.0,"{""number"":83,""copying"":false,""score"":1,""info_chosen"":""NA"",""round"":2,""human"":true,""topic"":""Language""}",,,,,f,,{},lotty_info,9,1,Finnish
455,50:35.9,"{""number"":83,""copying"":false,""score"":0,""info_chosen"":""NA"",""round"":2,""human"":true,""topic"":""Language""}",,,,,f,,{},lotty_info,7,1,Telugu
456,50:37.9,"{""number"":83,""copying"":false,""score"":0,""info_chosen"":""NA"",""round"":2,""human"":true,""topic"":""Language""}",,,,,f,,{},lotty_info,8,1,Telugu
457,50:38.0,,,,,,f,,{},info,1,1,"{""question"": ""\""Dronning\"" means \""queen\"" in which language?"", ""number"": 84, ""round"": 2, ""topic"": ""Language"", ""Wwer"": ""Serbian"", ""Rwer"": ""Norwegian"", ""pic"": false}"
458,50:41.2,"{""number"":84,""copying"":false,""score"":1,""info_chosen"":""NA"",""round"":2,""human"":true,""topic"":""Language""}",,,,,f,,{},lotty_info,9,1,Norwegian
459,50:44.1,"{""number"":84,""copying"":false,""score"":0,""info_chosen"":""NA"",""round"":2,""human"":true,""topic"":""Language""}",,,,,f,,{},lotty_info,7,1,Serbian
460,50:49.8,"{""number"":84,""copying"":false,""score"":1,""info_chosen"":""NA"",""round"":2,""human"":true,""topic"":""Language""}",,,,,f,,{},lotty_info,8,1,Norwegian
461,50:50.0,,,,,,f,,{},info,1,1,"{""question"": ""\""Pudel\"" means \""bottle\"" in which language?"", ""number"": 85, ""round"": 2, ""topic"": ""Language"", ""Wwer"": ""Bulgarian"", ""Rwer"": ""Estonian"", ""pic"": false}"
462,50:53.6,"{""number"":85,""copying"":false,""score"":1,""info_chosen"":""NA"",""round"":2,""human"":true,""topic"":""Language""}",,,,,f,,{},lotty_info,9,1,Estonian
463,50:55.4,"{""number"":85,""copying"":false,""score"":0,""info_chosen"":""NA"",""round"":2,""human"":true,""topic"":""Language""}",,,,,f,,{},lotty_info,7,1,Bulgarian
464,51:05.1,"{""number"":85,""copying"":false,""score"":0,""info_chosen"":""NA"",""round"":2,""human"":true,""topic"":""Language""}",,,,,f,,{},lotty_info,8,1,Bulgarian
465,51:05.2,,,,,,f,,{},info,1,1,"{""question"": ""\""Tay\"" means \""hand\"" in which language?"", ""number"": 86, ""round"": 2, ""topic"": ""Language"", ""Wwer"": ""Thai"", ""Rwer"": ""Vietnamese"", ""pic"": false}"
466,51:08.3,"{""number"":86,""copying"":false,""score"":1,""info_chosen"":""NA"",""round"":2,""human"":true,""topic"":""Language""}",,,,,f,,{},lotty_info,9,1,Vietnamese
467,51:10.4,"{""number"":86,""copying"":false,""score"":0,""info_chosen"":""NA"",""round"":2,""human"":true,""topic"":""Language""}",,,,,f,,{},lotty_info,7,1,Thai
468,51:10.7,"{""number"":86,""copying"":false,""score"":0,""info_chosen"":""NA"",""round"":2,""human"":true,""topic"":""Language""}",,,,,f,,{},lotty_info,8,1,Thai
469,51:10.9,,,,,,f,,{},info,1,1,"{""question"": ""\""Vinaka\"" means \""thank you\"" in which language?"", ""number"": 87, ""round"": 2, ""topic"": ""Language"", ""Wwer"": ""Swedish"", ""Rwer"": ""Fijian"", ""pic"": false}"
470,51:14.6,"{""number"":87,""copying"":false,""score"":0,""info_chosen"":""NA"",""round"":2,""human"":true,""topic"":""Language""}",,,,,f,,{},lotty_info,9,1,Swedish
471,51:18.3,"{""number"":87,""copying"":false,""score"":0,""info_chosen"":""NA"",""round"":2,""human"":true,""topic"":""Language""}",,,,,f,,{},lotty_info,7,1,Swedish
472,51:18.5,"{""number"":87,""copying"":false,""score"":1,""info_chosen"":""NA"",""round"":2,""human"":true,""topic"":""Language""}",,,,,f,,{},lotty_info,8,1,Fijian
473,51:18.6,,,,,,f,,{},info,1,1,"{""question"": ""The above means \""to eat\"" in which language?"", ""number"": 88, ""round"": 2, ""topic"": ""Language"", ""Wwer"": ""Swedish"", ""Rwer"": ""Finnish"", ""pic"": true}"
474,51:25.2,"{""number"":88,""copying"":false,""score"":1,""info_chosen"":""NA"",""round"":2,""human"":true,""topic"":""Language""}",,,,,f,,{},lotty_info,8,1,Finnish
475,51:25.7,"{""number"":88,""copying"":false,""score"":0,""info_chosen"":""NA"",""round"":2,""human"":true,""topic"":""Language""}",,,,,f,,{},lotty_info,7,1,Swedish
476,51:26.0,"{""number"":88,""copying"":false,""score"":0,""info_chosen"":""NA"",""round"":2,""human"":true,""topic"":""Language""}",,,,,f,,{},lotty_info,9,1,Swedish
477,51:26.1,,,,,,f,,{},info,1,1,"{""question"": ""The above means \""star\"" in which language?"", ""number"": 89, ""round"": 2, ""topic"": ""Language"", ""Wwer"": ""Macedonian"", ""Rwer"": ""Greek"", ""pic"": true}"
478,51:30.3,"{""number"":89,""copying"":false,""score"":1,""info_chosen"":""NA"",""round"":2,""human"":true,""topic"":""Language""}",,,,,f,,{},lotty_info,7,1,Greek
479,51:30.9,"{""number"":89,""copying"":false,""score"":0,""info_chosen"":""NA"",""round"":2,""human"":true,""topic"":""Language""}",,,,,f,,{},lotty_info,9,1,Macedonian
480,51:31.2,"{""number"":89,""copying"":false,""score"":0,""info_chosen"":""NA"",""round"":2,""human"":true,""topic"":""Language""}",,,,,f,,{},lotty_info,8,1,Macedonian
481,51:31.3,,,,,,f,,{},info,1,1,"{""question"": ""The above is \""festival\"" written in which language?"", ""number"": 90, ""round"": 2, ""topic"": ""Language"", ""Wwer"": ""Japanese"", ""Rwer"": ""Korean"", ""pic"": true}"
482,51:35.8,"{""number"":90,""copying"":false,""score"":1,""info_chosen"":""NA"",""round"":2,""human"":true,""topic"":""Language""}",,,,,f,,{},lotty_info,7,1,Korean
483,51:38.1,"{""number"":90,""copying"":false,""score"":0,""info_chosen"":""NA"",""round"":2,""human"":true,""topic"":""Language""}",,,,,f,,{},lotty_info,9,1,Japanese
484,51:46.0,"{""number"":90,""copying"":false,""score"":1,""info_chosen"":""NA"",""round"":2,""human"":true,""topic"":""Language""}",,,,,f,,{},lotty_info,8,1,Korean
485,51:46.1,,,,,,f,,{},info,1,1,"{""question"": ""Henri Matisse was a French artist of the:"", ""number"": 91, ""round"": 2, ""topic"": ""Art"", ""Wwer"": ""15th Century"", ""Rwer"": ""20th Century"", ""pic"": false}"
486,51:55.4,"{""number"":91,""copying"":false,""score"":1,""info_chosen"":""NA"",""round"":2,""human"":true,""topic"":""Art""}",,,,,f,,{},lotty_info,9,1,20th Century
487,51:55.7,"{""number"":91,""copying"":false,""score"":0,""info_chosen"":""NA"",""round"":2,""human"":true,""topic"":""Art""}",,,,,t,51:55.9,{},lotty_info,8,1,Ask Someone Else
488,51:55.8,"{""number"":91,""copying"":false,""score"":0,""info_chosen"":""NA"",""round"":2,""human"":true,""topic"":""Art""}",,,,,f,,{},lotty_info,7,1,15th Century
489,51:55.9,,,,,,f,,{},info,1,1,Good Luck
490,52:02.9,"{""number"":91,""copying"":true,""score"":0,""info_chosen"":""Times Chosen on This Topic"",""round"":2,""human"":true,""topic"":""Art""}",,,,,t,52:02.9,{},lotty_info,8,1,7
491,52:03.0,"{""number"": 91, ""copying"": true, ""score"": 0, ""info_chosen"": ""Times Chosen on This Topic"", ""round"": 2, ""human"": true, ""topic"": ""Art""}",,,,,f,,{},lotty_info,8,1,15th Century
492,52:03.1,,,,,,f,,{},info,1,1,"{""question"": ""\""The Scream\"" is a painting by:"", ""number"": 92, ""round"": 2, ""topic"": ""Art"", ""Wwer"": ""Ernst Ludwig Kirchner"", ""Rwer"": ""Edvard Munch"", ""pic"": false}"
493,52:06.3,"{""number"":92,""copying"":false,""score"":1,""info_chosen"":""NA"",""round"":2,""human"":true,""topic"":""Art""}",,,,,f,,{},lotty_info,7,1,Edvard Munch
494,52:06.7,"{""number"":92,""copying"":false,""score"":1,""info_chosen"":""NA"",""round"":2,""human"":true,""topic"":""Art""}",,,,,f,,{},lotty_info,9,1,Edvard Munch
495,52:08.5,"{""number"":92,""copying"":false,""score"":1,""info_chosen"":""NA"",""round"":2,""human"":true,""topic"":""Art""}",,,,,f,,{},lotty_info,8,1,Edvard Munch
496,52:08.7,,,,,,f,,{},info,1,1,"{""question"": ""\""Girl with a Pearl Earring\"" is a painting by:"", ""number"": 93, ""round"": 2, ""topic"": ""Art"", ""Wwer"": ""Peter Paul Rubens"", ""Rwer"": ""Johannes Vermeer"", ""pic"": false}"
497,52:13.3,"{""number"":93,""copying"":false,""score"":1,""info_chosen"":""NA"",""round"":2,""human"":true,""topic"":""Art""}",,,,,f,,{},lotty_info,7,1,Johannes Vermeer
498,52:13.3,"{""number"":93,""copying"":false,""score"":0,""info_chosen"":""NA"",""round"":2,""human"":true,""topic"":""Art""}",,,,,t,52:15.2,{},lotty_info,8,1,Ask Someone Else
499,52:15.0,"{""number"":93,""copying"":false,""score"":0,""info_chosen"":""NA"",""round"":2,""human"":true,""topic"":""Art""}",,,,,f,,{},lotty_info,9,1,Peter Paul Rubens
500,52:15.2,,,,,,f,,{},info,1,1,Good Luck
501,52:19.2,"{""number"":93,""copying"":true,""score"":0,""info_chosen"":""Times Chosen on This Topic"",""round"":2,""human"":true,""topic"":""Art""}",,,,,t,52:19.3,{},lotty_info,8,1,7
502,52:19.3,"{""number"": 93, ""copying"": true, ""score"": 1, ""info_chosen"": ""Times Chosen on This Topic"", ""round"": 2, ""human"": true, ""topic"": ""Art""}",,,,,f,,{},lotty_info,8,1,Johannes Vermeer
503,52:19.4,,,,,,f,,{},info,1,1,"{""question"": ""\""The Mona Lisa\"" is a painting by:"", ""number"": 94, ""round"": 2, ""topic"": ""Art"", ""Wwer"": ""Vincent van Gogh"", ""Rwer"": ""Leonardo da Vinci"", ""pic"": false}"
504,52:24.1,"{""number"":94,""copying"":false,""score"":1,""info_chosen"":""NA"",""round"":2,""human"":true,""topic"":""Art""}",,,,,f,,{},lotty_info,7,1,Leonardo da Vinci
505,52:27.2,"{""number"":94,""copying"":false,""score"":1,""info_chosen"":""NA"",""round"":2,""human"":true,""topic"":""Art""}",,,,,f,,{},lotty_info,9,1,Leonardo da Vinci
506,52:28.3,"{""number"":94,""copying"":false,""score"":1,""info_chosen"":""NA"",""round"":2,""human"":true,""topic"":""Art""}",,,,,f,,{},lotty_info,8,1,Leonardo da Vinci
507,52:28.4,,,,,,f,,{},info,1,1,"{""question"": ""Rene Magritte was famous for:"", ""number"": 95, ""round"": 2, ""topic"": ""Art"", ""Wwer"": ""Impressionism"", ""Rwer"": ""Surrealism"", ""pic"": false}"
508,52:33.7,"{""number"":95,""copying"":false,""score"":1,""info_chosen"":""NA"",""round"":2,""human"":true,""topic"":""Art""}",,,,,f,,{},lotty_info,7,1,Surrealism
509,52:34.6,"{""number"":95,""copying"":false,""score"":0,""info_chosen"":""NA"",""round"":2,""human"":true,""topic"":""Art""}",,,,,t,52:35.8,{},lotty_info,8,1,Ask Someone Else
510,52:35.6,"{""number"":95,""copying"":false,""score"":1,""info_chosen"":""NA"",""round"":2,""human"":true,""topic"":""Art""}",,,,,f,,{},lotty_info,9,1,Surrealism
511,52:35.7,,,,,,f,,{},info,1,1,Good Luck
512,52:38.4,"{""number"":95,""copying"":true,""score"":0,""info_chosen"":""Times Chosen on This Topic"",""round"":2,""human"":true,""topic"":""Art""}",,,,,t,52:38.4,{},lotty_info,8,1,7
513,52:38.4,"{""number"": 95, ""copying"": true, ""score"": 1, ""info_chosen"": ""Times Chosen on This Topic"", ""round"": 2, ""human"": true, ""topic"": ""Art""}",,,,,f,,{},lotty_info,8,1,Surrealism
514,52:38.6,,,,,,f,,{},info,1,1,"{""question"": ""Frida Kahlo was a famous painter from:"", ""number"": 96, ""round"": 2, ""topic"": ""Art"", ""Wwer"": ""South Africa"", ""Rwer"": ""Mexico"", ""pic"": false}"
515,52:43.0,"{""number"":96,""copying"":false,""score"":1,""info_chosen"":""NA"",""round"":2,""human"":true,""topic"":""Art""}",,,,,f,,{},lotty_info,7,1,Mexico
516,52:44.5,"{""number"":96,""copying"":false,""score"":1,""info_chosen"":""NA"",""round"":2,""human"":true,""topic"":""Art""}",,,,,f,,{},lotty_info,9,1,Mexico
517,52:48.4,"{""number"":96,""copying"":false,""score"":1,""info_chosen"":""NA"",""round"":2,""human"":true,""topic"":""Art""}",,,,,f,,{},lotty_info,8,1,Mexico
518,52:48.6,,,,,,f,,{},info,1,1,"{""question"": ""Georgia O'Keefe was a famous painter of the:"", ""number"": 97, ""round"": 2, ""topic"": ""Art"", ""Wwer"": ""16th Century"", ""Rwer"": ""20th Century"", ""pic"": false}"
519,52:52.4,"{""number"":97,""copying"":false,""score"":1,""info_chosen"":""NA"",""round"":2,""human"":true,""topic"":""Art""}",,,,,f,,{},lotty_info,7,1,20th Century
520,52:53.6,"{""number"":97,""copying"":false,""score"":0,""info_chosen"":""NA"",""round"":2,""human"":true,""topic"":""Art""}",,,,,t,52:54.5,{},lotty_info,8,1,Ask Someone Else
521,52:54.3,"{""number"":97,""copying"":false,""score"":0,""info_chosen"":""NA"",""round"":2,""human"":true,""topic"":""Art""}",,,,,f,,{},lotty_info,9,1,16th Century
522,52:54.5,,,,,,f,,{},info,1,1,Good Luck
523,52:57.5,"{""number"":97,""copying"":true,""score"":0,""info_chosen"":""Times Chosen on This Topic"",""round"":2,""human"":true,""topic"":""Art""}",,,,,t,52:57.6,{},lotty_info,8,1,7
524,52:57.6,"{""number"": 97, ""copying"": true, ""score"": 1, ""info_chosen"": ""Times Chosen on This Topic"", ""round"": 2, ""human"": true, ""topic"": ""Art""}",,,,,f,,{},lotty_info,8,1,20th Century
525,52:57.7,,,,,,f,,{},info,1,1,"{""question"": ""Edward Hopper painted \""Nighthawks\"" in:"", ""number"": 98, ""round"": 2, ""topic"": ""Art"", ""Wwer"": ""1742"", ""Rwer"": ""1942"", ""pic"": false}"
526,53:02.2,"{""number"":98,""copying"":false,""score"":0,""info_chosen"":""NA"",""round"":2,""human"":true,""topic"":""Art""}",,,,,t,53:05.1,{},lotty_info,8,1,Ask Someone Else
527,53:02.8,"{""number"":98,""copying"":false,""score"":0,""info_chosen"":""NA"",""round"":2,""human"":true,""topic"":""Art""}",,,,,f,,{},lotty_info,7,1,1742
528,53:05.0,"{""number"":98,""copying"":false,""score"":1,""info_chosen"":""NA"",""round"":2,""human"":true,""topic"":""Art""}",,,,,f,,{},lotty_info,9,1,1942
529,53:05.1,,,,,,f,,{},info,1,1,Good Luck
530,53:11.0,"{""number"":98,""copying"":true,""score"":0,""info_chosen"":""Times Chosen on This Topic"",""round"":2,""human"":true,""topic"":""Art""}",,,,,t,53:11.0,{},lotty_info,8,1,7
531,53:11.0,"{""number"": 98, ""copying"": true, ""score"": 0, ""info_chosen"": ""Times Chosen on This Topic"", ""round"": 2, ""human"": true, ""topic"": ""Art""}",,,,,f,,{},lotty_info,8,1,1742
532,53:11.2,,,,,,f,,{},info,1,1,"{""question"": ""\""The Birth of Venus\"" is a painting by:"", ""number"": 99, ""round"": 2, ""topic"": ""Art"", ""Wwer"": ""Leonardo da Vinci"", ""Rwer"": ""Sandro Boticelli"", ""pic"": false}"
533,53:14.7,"{""number"":99,""copying"":false,""score"":1,""info_chosen"":""NA"",""round"":2,""human"":true,""topic"":""Art""}",,,,,f,,{},lotty_info,7,1,Sandro Boticelli
534,53:15.8,"{""number"":99,""copying"":false,""score"":0,""info_chosen"":""NA"",""round"":2,""human"":true,""topic"":""Art""}",,,,,f,,{},lotty_info,9,1,Leonardo da Vinci
535,53:16.4,"{""number"":99,""copying"":false,""score"":0,""info_chosen"":""NA"",""round"":2,""human"":true,""topic"":""Art""}",,,,,t,53:16.5,{},lotty_info,8,1,Ask Someone Else
536,53:16.5,,,,,,f,,{},info,1,1,Good Luck
537,53:20.9,"{""number"":99,""copying"":true,""score"":0,""info_chosen"":""Times Chosen on This Topic"",""round"":2,""human"":true,""topic"":""Art""}",,,,,t,53:20.9,{},lotty_info,8,1,7
538,53:20.9,"{""number"": 99, ""copying"": true, ""score"": 1, ""info_chosen"": ""Times Chosen on This Topic"", ""round"": 2, ""human"": true, ""topic"": ""Art""}",,,,,f,,{},lotty_info,8,1,Sandro Boticelli
539,53:21.1,,,,,,f,,{},info,1,1,"{""question"": ""James Abbott Mcneil Whistler painted \""Whistler's Mother\"" in:"", ""number"": 100, ""round"": 2, ""topic"": ""Art"", ""Wwer"": ""1571"", ""Rwer"": ""1871"", ""pic"": false}"
540,53:25.7,"{""number"":100,""copying"":false,""score"":1,""info_chosen"":""NA"",""round"":2,""human"":true,""topic"":""Art""}",,,,,f,,{},lotty_info,7,1,1871
541,53:28.3,"{""number"":100,""copying"":false,""score"":1,""info_chosen"":""NA"",""round"":2,""human"":true,""topic"":""Art""}",,,,,f,,{},lotty_info,9,1,1871
542,53:30.2,"{""number"":100,""copying"":false,""score"":0,""info_chosen"":""NA"",""round"":2,""human"":true,""topic"":""Art""}",,,,,f,,{},lotty_info,8,1,1571
543,53:30.4,,,,,,f,,{},info,1,1,"{""question"": ""This is a dummy question"", ""number"": 101, ""round"": 2, ""topic"": ""dummy"", ""Wwer"": ""dummy"", ""Rwer"": ""dummy"", ""pic"": false}"